Date,no.1,no.2,no.3,no.4,no.5,no.6
28/08/1995,1,12,27,32,35,39
31/08/1995,5,15,28,35,36,37
04/09/1995,3,12,17,18,23,35
07/09/1995,12,23,31,33,35,41
11/09/1995,18,20,22,35,38,42
14/09/1995,4,9,14,17,25,28
18/09/1995,1,7,18,26,27,42
21/09/1995,2,19,24,26,29,37
25/09/1995,10,12,13,19,20,30
28/09/1995,1,7,10,23,30,38
02/10/1995,2,3,4,31,38,40
05/10/1995,6,9,20,21,39,42
09/10/1995,9,16,19,29,32,41
12/10/1995,3,14,25,26,40,41
16/10/1995,8,15,33,34,36,37
19/10/1995,3,19,24,32,34,38
23/10/1995,2,12,21,27,30,32
26/10/1995,8,23,28,32,36,38
30/10/1995,6,13,26,36,37,40
02/11/1995,15,28,29,31,35,37
06/11/1995,1,4,22,24,27,29
09/11/1995,10,11,17,19,24,40
13/11/1995,3,9,15,27,31,36
16/11/1995,1,5,6,9,13,40
20/11/1995,7,11,17,26,33,42
23/11/1995,16,24,28,31,35,40
27/11/1995,8,11,13,17,38,40
30/11/1995,12,19,22,23,28,32
04/12/1995,7,8,17,22,32,35
07/12/1995,15,16,17,24,31,40
11/12/1995,24,26,33,39,40,42
14/12/1995,2,10,22,24,27,38
18/12/1995,15,18,24,26,29,31
21/12/1995,7,12,25,28,34,35
25/12/1995,12,23,25,32,34,37
28/12/1995,7,16,21,30,38,42
01/01/1996,9,13,24,29,30,33
04/01/1996,8,16,20,36,38,42
08/01/1996,2,3,6,8,15,27
11/01/1996,2,11,13,14,20,21
15/01/1996,6,7,10,36,38,40
18/01/1996,3,4,18,28,29,37
22/01/1996,9,17,18,28,34,39
25/01/1996,7,15,20,25,34,36
29/01/1996,8,9,26,35,37,42
01/02/1996,1,7,19,24,27,28
05/02/1996,4,5,18,23,39,40
08/02/1996,14,17,28,31,33,39
12/02/1996,6,10,21,27,28,42
15/02/1996,1,7,9,11,36,38
19/02/1996,6,7,9,20,21,30
22/02/1996,4,23,31,32,39,42
26/02/1996,3,7,9,25,27,32
29/02/1996,2,11,13,21,31,34
04/03/1996,3,5,18,28,35,37
07/03/1996,2,4,7,9,13,23
11/03/1996,2,5,11,12,27,41
14/03/1996,3,4,19,27,29,35
18/03/1996,18,19,20,31,37,38
21/03/1996,5,6,10,18,34,39
25/03/1996,1,4,16,20,23,28
28/03/1996,4,10,12,15,23,24
01/04/1996,4,13,24,28,37,42
04/04/1996,14,16,29,32,33,34
08/04/1996,19,20,22,25,27,29
11/04/1996,4,8,19,23,33,38
15/04/1996,1,8,18,25,27,34
18/04/1996,1,7,11,27,39,42
22/04/1996,3,12,19,21,35,40
25/04/1996,13,18,19,22,32,42
29/04/1996,7,13,23,31,32,34
02/05/1996,2,28,35,36,41,42
06/05/1996,2,19,23,31,39,41
09/05/1996,5,16,18,20,22,30
13/05/1996,7,9,11,12,41,42
16/05/1996,8,25,28,29,32,41
20/05/1996,13,22,27,35,36,38
23/05/1996,6,16,18,23,31,37
27/05/1996,7,11,20,34,36,37
30/05/1996,2,4,14,21,27,29
03/06/1996,6,10,11,16,21,35
06/06/1996,1,5,14,22,24,33
10/06/1996,3,13,24,26,35,38
13/06/1996,5,10,18,26,37,39
17/06/1996,18,21,28,29,31,42
20/06/1996,9,14,15,16,22,32
24/06/1996,6,10,11,15,21,41
27/06/1996,13,16,26,27,28,34
01/07/1996,7,8,9,28,34,35
04/07/1996,7,13,26,33,34,42
08/07/1996,7,9,13,15,23,42
11/07/1996,6,9,21,30,32,39
15/07/1996,11,20,21,25,34,40
18/07/1996,3,4,8,12,34,38
22/07/1996,3,4,9,13,24,34
25/07/1996,14,15,24,31,36,39
29/07/1996,13,18,19,35,39,40
01/08/1996,8,14,18,19,24,37
05/08/1996,2,8,16,17,27,31
08/08/1996,2,12,16,17,25,36
12/08/1996,10,14,17,21,30,35
15/08/1996,22,23,33,34,40,41
19/08/1996,10,13,15,20,23,33
22/08/1996,12,17,20,25,27,30
26/08/1996,12,23,31,32,33,35
29/08/1996,4,11,19,20,21,34
02/09/1996,3,7,26,29,30,41
05/09/1996,17,19,20,21,28,31
09/09/1996,18,19,29,31,33,42
12/09/1996,1,21,24,28,30,42
16/09/1996,7,8,10,16,31,33
19/09/1996,4,6,16,22,34,42
23/09/1996,8,14,20,26,27,31
26/09/1996,6,7,12,32,38,42
30/09/1996,1,8,13,15,16,24
03/10/1996,7,9,15,19,30,37
07/10/1996,11,15,17,20,23,39
10/10/1996,4,8,10,12,29,33
14/10/1996,12,22,23,27,35,37
17/10/1996,3,7,18,23,30,40
21/10/1996,2,5,8,9,13,26
24/10/1996,3,5,11,14,34,38
28/10/1996,4,9,11,16,29,40
31/10/1996,10,11,23,25,31,36
04/11/1996,4,9,18,20,22,40
07/11/1996,2,7,22,24,28,30
11/11/1996,18,21,25,28,41,42
14/11/1996,15,21,36,37,40,42
18/11/1996,1,9,24,25,27,39
21/11/1996,13,18,19,25,34,36
25/11/1996,1,10,18,21,32,41
28/11/1996,15,18,23,25,26,36
02/12/1996,1,8,12,29,33,35
05/12/1996,7,12,21,22,32,41
09/12/1996,11,12,16,18,32,36
12/12/1996,9,14,34,35,38,39
16/12/1996,8,11,20,21,31,37
19/12/1996,6,11,12,16,34,41
23/12/1996,1,19,26,35,38,39
26/12/1996,1,4,5,21,30,37
30/12/1996,5,16,21,31,33,39
02/01/1997,5,10,19,30,37,40
06/01/1997,3,13,23,26,30,37
09/01/1997,4,9,11,26,31,36
13/01/1997,16,17,21,23,29,42
16/01/1997,6,9,13,19,27,37
20/01/1997,8,10,14,18,20,23
23/01/1997,15,18,24,33,34,40
27/01/1997,10,15,24,32,33,37
30/01/1997,6,9,32,38,39,42
03/02/1997,6,9,22,30,32,39
06/02/1997,7,13,17,21,25,36
10/02/1997,5,10,15,19,31,39
13/02/1997,5,9,10,14,19,42
17/02/1997,1,12,13,30,32,42
20/02/1997,6,7,18,25,28,31
24/02/1997,2,9,13,22,23,34
27/02/1997,2,6,15,16,18,31
03/03/1997,7,8,17,19,26,29
06/03/1997,9,16,23,24,37,39
10/03/1997,11,12,15,26,28,33
13/03/1997,7,12,21,22,32,33
17/03/1997,3,5,6,12,13,19
20/03/1997,11,13,18,20,28,40
24/03/1997,12,14,16,29,32,38
27/03/1997,11,22,29,31,32,41
31/03/1997,1,12,15,16,22,37
03/04/1997,3,5,16,20,29,42
07/04/1997,2,16,26,28,29,41
10/04/1997,16,18,20,21,23,24
14/04/1997,1,5,19,30,31,40
17/04/1997,11,14,20,25,27,34
21/04/1997,18,26,29,32,38,39
24/04/1997,11,17,19,20,24,26
28/04/1997,19,21,31,33,34,42
01/05/1997,7,27,28,29,36,40
05/05/1997,12,24,29,30,37,40
08/05/1997,3,6,10,12,40,42
12/05/1997,1,7,10,11,12,39
15/05/1997,1,9,17,32,37,39
19/05/1997,2,21,31,38,40,41
22/05/1997,3,5,6,7,28,38
26/05/1997,1,8,16,23,31,38
29/05/1997,2,4,6,29,32,40
02/06/1997,8,9,16,29,32,40
05/06/1997,6,11,13,22,23,34
09/06/1997,9,18,19,20,21,42
12/06/1997,3,19,24,33,34,37
16/06/1997,12,27,28,35,39,40
19/06/1997,6,27,32,34,35,39
23/06/1997,13,26,28,32,38,41
26/06/1997,2,4,9,24,25,38
30/06/1997,3,9,14,24,30,39
03/07/1997,11,12,26,32,33,38
07/07/1997,1,8,15,16,22,29
10/07/1997,2,22,26,31,38,44
17/07/1997,4,6,13,27,29,36
21/07/1997,18,21,25,31,33,40
24/07/1997,3,17,19,26,35,38
28/07/1997,1,7,26,30,33,39
31/07/1997,4,14,19,26,32,34
04/08/1997,4,6,14,16,38,41
07/08/1997,5,10,16,25,26,42
11/08/1997,15,25,30,35,36,41
14/08/1997,24,26,32,34,41,44
18/08/1997,6,13,14,18,31,43
21/08/1997,10,12,15,31,35,45
25/08/1997,15,17,25,29,30,32
28/08/1997,12,20,22,24,25,35
01/09/1997,1,14,16,26,42,44
04/09/1997,9,12,14,22,24,38
08/09/1997,9,19,31,33,40,41
11/09/1997,3,9,15,18,22,30
15/09/1997,19,23,24,32,43,45
18/09/1997,2,12,19,24,25,28
22/09/1997,9,24,28,32,40,41
25/09/1997,3,7,15,22,32,33
29/09/1997,7,10,27,31,36,42
06/10/1997,9,13,19,29,37,43
09/10/1997,9,18,33,37,41,43
13/10/1997,1,6,20,26,31,40
16/10/1997,2,11,19,21,27,41
20/10/1997,3,11,14,23,27,41
23/10/1997,2,17,18,34,38,44
27/10/1997,2,12,22,26,31,38
30/10/1997,6,15,27,33,38,39
03/11/1997,3,16,29,36,42,44
06/11/1997,6,11,18,43,44,45
10/11/1997,17,18,24,25,26,33
17/11/1997,2,9,10,12,19,45
20/11/1997,2,7,14,26,28,40
24/11/1997,14,16,18,24,26,39
27/11/1997,2,18,25,33,34,35
01/12/1997,3,4,16,29,30,37
04/12/1997,9,25,27,31,41,42
08/12/1997,5,8,12,16,28,38
11/12/1997,12,14,24,31,32,39
15/12/1997,2,6,20,24,26,28
18/12/1997,4,7,22,27,41,43
22/12/1997,3,18,21,25,26,34
25/12/1997,20,25,32,33,35,42
29/12/1997,9,11,12,14,27,31
01/01/1998,8,25,27,32,37,41
05/01/1998,4,8,10,17,23,43
08/01/1998,5,6,7,26,30,35
12/01/1998,8,9,17,20,32,44
15/01/1998,9,22,25,30,37,45
19/01/1998,1,5,11,18,24,30
22/01/1998,5,19,25,33,36,41
26/01/1998,6,11,23,30,40,45
02/02/1998,10,20,25,36,39,45
05/02/1998,5,7,10,25,26,39
09/02/1998,8,13,15,26,32,34
12/02/1998,15,17,20,22,23,25
16/02/1998,8,23,24,32,33,35
19/02/1998,8,11,20,24,27,44
23/02/1998,3,12,31,34,41,43
26/02/1998,23,28,31,35,37,39
02/03/1998,12,20,21,36,41,42
05/03/1998,17,19,23,25,37,44
09/03/1998,2,8,16,29,35,40
12/03/1998,4,5,10,28,37,43
19/03/1998,2,7,8,11,18,30
23/03/1998,2,4,15,18,20,43
26/03/1998,2,5,6,20,26,37
30/03/1998,1,7,15,16,28,36
02/04/1998,15,23,26,31,41,45
06/04/1998,3,10,11,15,33,39
09/04/1998,9,16,24,25,29,39
13/04/1998,1,7,17,30,33,34
16/04/1998,12,13,18,23,33,43
20/04/1998,1,4,8,11,35,43
23/04/1998,11,15,27,32,36,38
27/04/1998,12,16,17,18,20,44
30/04/1998,1,8,9,12,42,44
04/05/1998,1,4,6,30,31,33
11/05/1998,18,22,23,35,42,43
14/05/1998,6,7,8,20,24,44
18/05/1998,8,21,28,34,38,45
21/05/1998,2,7,8,10,35,43
25/05/1998,9,12,17,23,29,35
28/05/1998,10,15,20,26,29,40
01/06/1998,2,9,12,27,41,44
04/06/1998,9,26,30,34,43,44
08/06/1998,12,15,29,34,41,44
11/06/1998,1,5,19,25,35,38
15/06/1998,12,14,15,18,36,39
18/06/1998,4,5,8,21,43,45
22/06/1998,9,12,15,30,32,41
25/06/1998,7,10,12,13,20,41
29/06/1998,5,9,12,15,16,17
02/07/1998,13,22,25,27,36,43
06/07/1998,2,8,10,11,19,34
09/07/1998,12,13,17,29,35,43
13/07/1998,13,15,23,27,37,38
16/07/1998,1,20,21,24,30,40
20/07/1998,9,13,17,31,37,38
23/07/1998,1,8,11,14,22,24
27/07/1998,4,12,18,22,30,42
30/07/1998,1,12,21,25,28,38
03/08/1998,5,12,27,36,38,42
06/08/1998,15,18,27,32,35,41
10/08/1998,14,26,28,30,40,43
13/08/1998,4,19,25,33,36,41
17/08/1998,13,14,15,19,25,33
20/08/1998,2,11,19,22,28,31
24/08/1998,7,15,17,18,22,43
27/08/1998,17,25,29,34,37,45
31/08/1998,3,8,9,11,30,40
03/09/1998,7,9,15,30,32,34
07/09/1998,2,15,18,31,37,39
10/09/1998,7,14,29,30,39,42
14/09/1998,6,18,21,25,28,41
17/09/1998,7,12,16,23,26,40
21/09/1998,8,11,23,27,40,41
24/09/1998,2,13,35,37,38,43
28/09/1998,12,17,21,28,29,39
01/10/1998,3,6,15,23,25,29
05/10/1998,7,14,18,22,27,28
08/10/1998,3,18,23,26,38,39
12/10/1998,19,27,30,33,41,42
15/10/1998,1,4,10,13,17,42
19/10/1998,7,10,24,26,38,39
22/10/1998,6,11,22,30,39,40
26/10/1998,2,3,17,21,29,45
29/10/1998,1,6,10,33,35,44
02/11/1998,3,23,28,31,36,41
05/11/1998,4,11,13,14,27,28
09/11/1998,18,31,33,35,41,42
12/11/1998,1,2,22,25,28,39
16/11/1998,9,18,22,32,34,39
19/11/1998,1,2,7,28,35,37
23/11/1998,7,23,34,36,42,43
26/11/1998,10,21,24,25,36,42
30/11/1998,6,11,22,28,33,34
03/12/1998,2,4,5,18,30,44
07/12/1998,8,18,23,24,37,39
10/12/1998,1,5,10,18,30,31
14/12/1998,12,17,20,21,41,44
17/12/1998,8,14,16,19,20,29
21/12/1998,2,10,13,22,37,39
24/12/1998,5,11,13,21,22,34
28/12/1998,3,4,7,10,35,36
31/12/1998,5,8,17,21,36,37
04/01/1999,1,5,11,36,38,41
07/01/1999,3,8,12,15,31,38
11/01/1999,15,16,17,18,24,37
14/01/1999,6,15,22,27,34,36
18/01/1999,13,16,20,35,37,42
21/01/1999,11,12,21,32,34,35
25/01/1999,10,12,19,20,32,41
28/01/1999,4,13,29,30,31,39
01/02/1999,15,20,21,22,32,41
04/02/1999,4,11,16,20,39,43
08/02/1999,7,12,13,16,29,34
11/02/1999,3,4,7,30,39,42
15/02/1999,5,6,12,17,22,29
18/02/1999,7,14,15,17,32,41
22/02/1999,2,8,11,28,32,42
25/02/1999,10,12,21,26,31,38
01/03/1999,1,3,4,9,12,22
04/03/1999,6,7,11,21,35,36
08/03/1999,1,3,15,22,35,45
11/03/1999,13,14,29,31,33,39
15/03/1999,5,14,21,26,38,45
18/03/1999,11,22,27,28,32,43
22/03/1999,7,26,31,33,35,37
25/03/1999,10,11,13,33,37,45
29/03/1999,24,28,34,35,40,41
01/04/1999,5,17,26,30,32,36
05/04/1999,3,13,14,27,30,35
08/04/1999,3,5,6,12,14,41
12/04/1999,1,2,8,17,20,22
15/04/1999,2,17,32,34,40,44
19/04/1999,1,7,8,10,12,40
22/04/1999,12,19,20,30,36,41
26/04/1999,12,18,22,24,28,37
29/04/1999,4,6,17,21,23,45
03/05/1999,1,4,27,32,35,38
06/05/1999,1,14,25,32,33,34
10/05/1999,9,21,29,30,31,43
13/05/1999,9,12,17,21,40,45
17/05/1999,2,10,14,25,31,37
20/05/1999,6,9,12,16,21,23
24/05/1999,7,16,24,25,27,31
27/05/1999,13,14,18,31,35,41
31/05/1999,3,5,14,20,25,43
03/06/1999,1,8,9,11,24,36
07/06/1999,4,7,8,21,30,38
10/06/1999,2,6,12,38,41,43
14/06/1999,5,7,14,38,39,42
17/06/1999,1,10,17,20,21,45
21/06/1999,9,19,28,29,30,39
24/06/1999,7,15,20,28,29,33
28/06/1999,11,13,16,23,30,44
01/07/1999,5,10,22,23,31,42
05/07/1999,5,11,13,21,37,40
08/07/1999,4,9,21,23,40,43
12/07/1999,5,8,31,32,40,43
15/07/1999,3,8,18,24,33,45
19/07/1999,3,13,34,37,42,45
22/07/1999,2,4,11,19,23,36
26/07/1999,9,16,22,25,29,40
29/07/1999,1,11,18,20,43,45
02/08/1999,5,20,30,36,38,40
05/08/1999,1,3,35,36,39,44
09/08/1999,3,9,12,23,24,39
12/08/1999,5,11,13,34,35,45
16/08/1999,7,14,23,26,29,30
19/08/1999,10,18,19,21,26,39
23/08/1999,4,11,12,22,23,44
26/08/1999,19,25,35,39,42,44
30/08/1999,16,18,20,23,25,44
02/09/1999,16,17,29,30,31,38
06/09/1999,3,10,13,17,29,33
09/09/1999,5,26,27,30,31,43
13/09/1999,2,6,9,35,38,40
16/09/1999,5,6,15,39,40,43
20/09/1999,7,15,19,40,42,44
23/09/1999,24,26,28,36,38,40
27/09/1999,7,12,14,20,33,36
30/09/1999,3,10,19,24,35,40
04/10/1999,7,9,11,13,33,42
07/10/1999,5,8,21,30,31,44
11/10/1999,6,17,26,31,36,42
14/10/1999,4,11,19,27,31,41
18/10/1999,5,34,36,39,42,43
21/10/1999,8,16,23,30,39,44
25/10/1999,4,14,16,17,24,40
28/10/1999,5,11,18,19,36,42
01/11/1999,13,18,20,24,39,45
04/11/1999,6,16,27,33,40,41
08/11/1999,10,13,27,33,34,38
11/11/1999,7,11,20,22,32,44
15/11/1999,2,7,15,22,26,32
18/11/1999,4,19,30,37,39,45
22/11/1999,2,5,8,24,27,31
25/11/1999,1,19,24,32,36,45
29/11/1999,6,11,13,33,40,42
02/12/1999,1,9,15,26,34,36
06/12/1999,5,6,19,21,22,28
09/12/1999,2,8,16,36,42,43
13/12/1999,6,17,23,29,33,36
16/12/1999,1,3,23,31,33,40
20/12/1999,2,5,16,26,34,35
23/12/1999,16,19,21,24,27,29
27/12/1999,7,9,11,15,21,29
30/12/1999,6,11,17,20,24,41
03/01/2000,6,7,17,18,20,45
06/01/2000,2,28,31,35,40,44
10/01/2000,2,23,26,30,32,34
13/01/2000,13,28,34,35,38,40
17/01/2000,17,23,25,35,38,42
20/01/2000,7,11,14,30,39,45
24/01/2000,7,16,25,36,37,43
27/01/2000,2,3,5,14,27,32
31/01/2000,11,18,22,25,35,44
03/02/2000,5,6,15,23,32,40
07/02/2000,10,13,23,24,30,43
10/02/2000,8,10,17,30,33,41
14/02/2000,2,12,13,34,37,43
17/02/2000,5,10,13,22,24,27
21/02/2000,4,7,9,11,14,16
24/02/2000,20,21,23,26,30,40
28/02/2000,1,9,23,26,30,35
02/03/2000,4,7,18,19,24,25
06/03/2000,14,21,22,24,33,44
09/03/2000,2,4,11,16,28,42
13/03/2000,7,13,31,32,34,36
16/03/2000,2,6,16,22,37,38
20/03/2000,3,14,20,26,29,37
23/03/2000,12,16,31,36,37,41
27/03/2000,1,4,16,28,32,34
30/03/2000,3,17,29,33,42,45
03/04/2000,6,11,20,35,36,42
06/04/2000,2,3,5,23,31,41
10/04/2000,5,11,15,17,20,33
13/04/2000,6,10,17,35,42,43
17/04/2000,10,11,19,20,23,42
20/04/2000,8,15,16,42,44,45
24/04/2000,7,14,16,23,32,35
27/04/2000,23,28,31,37,41,45
01/05/2000,1,3,4,32,36,43
04/05/2000,10,11,14,21,39,41
08/05/2000,11,17,32,34,35,44
11/05/2000,30,34,37,41,42,44
15/05/2000,4,10,16,20,21,35
18/05/2000,5,6,8,12,25,38
22/05/2000,5,26,36,38,39,45
25/05/2000,6,10,32,34,35,45
29/05/2000,3,13,16,24,29,44
01/06/2000,7,10,13,26,35,43
05/06/2000,8,13,14,22,30,34
08/06/2000,9,13,18,19,30,32
12/06/2000,5,6,9,26,28,36
15/06/2000,6,16,25,27,30,31
19/06/2000,1,2,9,19,20,32
22/06/2000,5,11,18,34,36,41
26/06/2000,1,3,15,36,39,41
29/06/2000,9,14,27,31,34,37
03/07/2000,1,8,14,20,33,41
06/07/2000,16,18,21,23,30,42
10/07/2000,3,9,16,19,21,23
13/07/2000,28,29,35,38,41,44
17/07/2000,7,10,25,34,37,44
20/07/2000,11,12,17,24,32,41
24/07/2000,16,23,29,32,36,40
27/07/2000,3,8,12,16,30,44
31/07/2000,2,11,12,15,38,43
03/08/2000,8,10,23,24,33,44
07/08/2000,5,12,20,22,25,27
10/08/2000,20,24,27,32,37,38
14/08/2000,4,14,20,21,27,40
17/08/2000,2,5,17,21,32,42
21/08/2000,3,6,19,22,23,25
24/08/2000,3,5,7,8,36,42
28/08/2000,1,10,11,18,22,42
31/08/2000,2,6,11,22,31,37
04/09/2000,2,16,27,32,37,45
07/09/2000,6,11,12,20,24,31
11/09/2000,3,4,13,25,44,45
14/09/2000,1,2,4,26,37,39
18/09/2000,19,21,27,33,37,40
21/09/2000,3,12,21,25,30,42
25/09/2000,4,9,17,21,23,32
28/09/2000,8,19,22,40,41,45
02/10/2000,13,17,24,28,29,45
05/10/2000,5,19,21,22,24,40
09/10/2000,10,14,27,30,37,38
12/10/2000,1,6,17,24,25,28
16/10/2000,27,28,31,32,35,36
19/10/2000,6,10,11,25,31,32
23/10/2000,2,15,17,21,26,36
26/10/2000,1,12,18,22,40,43
30/10/2000,3,6,17,20,21,37
02/11/2000,31,32,35,36,42,43
06/11/2000,6,12,26,32,38,45
09/11/2000,2,3,15,27,31,32
13/11/2000,9,13,15,29,40,42
16/11/2000,6,7,8,11,13,19
20/11/2000,9,10,14,19,21,35
23/11/2000,3,13,19,23,29,34
27/11/2000,1,12,23,25,35,36
30/11/2000,17,28,29,35,40,42
04/12/2000,4,19,35,41,44,45
07/12/2000,10,30,38,40,42,45
11/12/2000,8,17,23,32,38,39
14/12/2000,4,19,27,28,32,38
18/12/2000,13,16,27,28,36,37
21/12/2000,1,15,18,20,25,29
25/12/2000,9,20,33,36,37,42
28/12/2000,7,28,30,31,44,45
01/01/2001,1,12,27,32,35,39
01/01/2001,5,15,28,35,36,37
01/01/2001,3,12,17,18,23,35
01/01/2001,12,23,31,33,35,41
01/01/2001,18,20,22,35,38,42
01/01/2001,4,9,14,17,25,28
01/01/2001,1,7,18,26,27,42
01/01/2001,2,19,24,26,29,37
01/01/2001,10,12,13,19,20,30
01/01/2001,1,7,10,23,30,38
01/01/2001,2,3,4,31,38,40
01/01/2001,6,9,20,21,39,42
01/01/2001,9,16,19,29,32,41
01/01/2001,3,14,25,26,40,41
01/01/2001,8,15,33,34,36,37
01/01/2001,3,19,24,32,34,38
01/01/2001,2,12,21,27,30,32
01/01/2001,8,23,28,32,36,38
01/01/2001,6,13,26,36,37,40
01/01/2001,15,28,29,31,35,37
01/01/2001,1,4,22,24,27,29
01/01/2001,10,11,17,19,24,40
01/01/2001,3,9,15,27,31,36
01/01/2001,1,5,6,9,13,40
01/01/2001,7,11,17,26,33,42
01/01/2001,16,24,28,31,35,40
01/01/2001,8,11,13,17,38,40
01/01/2001,12,19,22,23,28,32
01/01/2001,7,8,17,22,32,35
01/01/2001,15,16,17,24,31,40
01/01/2001,24,26,33,39,40,42
01/01/2001,2,10,22,24,27,38
01/01/2001,15,18,24,26,29,31
01/01/2001,7,12,25,28,34,35
01/01/2001,12,23,25,32,34,37
01/01/2001,7,16,21,30,38,42
01/01/2001,9,13,24,29,30,33
01/01/2001,8,16,20,36,38,42
01/01/2001,2,3,6,8,15,27
01/01/2001,2,11,13,14,20,21
01/01/2001,6,7,10,36,38,40
01/01/2001,3,4,18,28,29,37
01/01/2001,9,17,18,28,34,39
01/01/2001,7,15,20,25,34,36
01/01/2001,8,9,26,35,37,42
01/01/2001,1,7,19,24,27,28
01/01/2001,4,5,18,23,39,40
01/01/2001,14,17,28,31,33,39
01/01/2001,6,10,21,27,28,42
01/01/2001,1,7,9,11,36,38
01/01/2001,6,7,9,20,21,30
01/01/2001,4,23,31,32,39,42
01/01/2001,3,7,9,25,27,32
01/01/2001,2,11,13,21,31,34
01/01/2001,3,5,18,28,35,37
01/01/2001,2,4,7,9,13,23
01/01/2001,2,5,11,12,27,41
01/01/2001,3,4,19,27,29,35
01/01/2001,18,19,20,31,37,38
01/01/2001,5,6,10,18,34,39
01/01/2001,1,4,16,20,23,28
01/01/2001,4,10,12,15,23,24
01/01/2001,4,13,24,28,37,42
01/01/2001,14,16,29,32,33,34
01/01/2001,19,20,22,25,27,29
01/01/2001,4,8,19,23,33,38
01/01/2001,1,8,18,25,27,34
01/01/2001,1,7,11,27,39,42
01/01/2001,3,12,19,21,35,40
01/01/2001,13,18,19,22,32,42
01/01/2001,7,13,23,31,32,34
01/01/2001,2,28,35,36,41,42
01/01/2001,2,19,23,31,39,41
01/01/2001,5,16,18,20,22,30
01/01/2001,7,9,11,12,41,42
01/01/2001,8,25,28,29,32,41
01/01/2001,13,22,27,35,36,38
01/01/2001,6,16,18,23,31,37
01/01/2001,7,11,20,34,36,37
01/01/2001,2,4,14,21,27,29
01/01/2001,6,10,11,16,21,35
01/01/2001,1,5,14,22,24,33
01/01/2001,3,13,24,26,35,38
01/01/2001,5,10,18,26,37,39
01/01/2001,18,21,28,29,31,42
01/01/2001,9,14,15,16,22,32
01/01/2001,6,10,11,15,21,41
01/01/2001,13,16,26,27,28,34
01/01/2001,7,8,9,28,34,35
01/01/2001,7,13,26,33,34,42
01/01/2001,7,9,13,15,23,42
01/01/2001,6,9,21,30,32,39
01/01/2001,11,20,21,25,34,40
01/01/2001,3,4,8,12,34,38
01/01/2001,3,4,9,13,24,34
01/01/2001,14,15,24,31,36,39
01/01/2001,13,18,19,35,39,40
01/01/2001,8,14,18,19,24,37
01/01/2001,2,8,16,17,27,31
01/01/2001,2,12,16,17,25,36
01/01/2001,10,14,17,21,30,35
01/01/2001,22,23,33,34,40,41
01/01/2001,10,13,15,20,23,33
01/01/2001,12,17,20,25,27,30
01/01/2001,12,23,31,32,33,35
01/01/2001,4,11,19,20,21,34
01/01/2001,3,7,26,29,30,41
01/01/2001,17,19,20,21,28,31
01/01/2001,18,19,29,31,33,42
01/01/2001,1,21,24,28,30,42
01/01/2001,7,8,10,16,31,33
01/01/2001,4,6,16,22,34,42
01/01/2001,8,14,20,26,27,31
01/01/2001,6,7,12,32,38,42
01/01/2001,1,8,13,15,16,24
01/01/2001,7,9,15,19,30,37
01/01/2001,11,15,17,20,23,39
01/01/2001,4,8,10,12,29,33
01/01/2001,12,22,23,27,35,37
01/01/2001,3,7,18,23,30,40
01/01/2001,2,5,8,9,13,26
01/01/2001,3,5,11,14,34,38
01/01/2001,4,9,11,16,29,40
01/01/2001,10,11,23,25,31,36
01/01/2001,4,9,18,20,22,40
01/01/2001,2,7,22,24,28,30
01/01/2001,18,21,25,28,41,42
01/01/2001,15,21,36,37,40,42
01/01/2001,1,9,24,25,27,39
01/01/2001,13,18,19,25,34,36
01/01/2001,1,10,18,21,32,41
01/01/2001,15,18,23,25,26,36
01/01/2001,1,8,12,29,33,35
01/01/2001,7,12,21,22,32,41
01/01/2001,11,12,16,18,32,36
01/01/2001,9,14,34,35,38,39
01/01/2001,8,11,20,21,31,37
01/01/2001,6,11,12,16,34,41
01/01/2001,1,19,26,35,38,39
01/01/2001,1,4,5,21,30,37
01/01/2001,5,16,21,31,33,39
01/01/2001,5,10,19,30,37,40
01/01/2001,3,13,23,26,30,37
01/01/2001,4,9,11,26,31,36
01/01/2001,16,17,21,23,29,42
01/01/2001,6,9,13,19,27,37
01/01/2001,8,10,14,18,20,23
01/01/2001,15,18,24,33,34,40
01/01/2001,10,15,24,32,33,37
01/01/2001,6,9,32,38,39,42
01/01/2001,6,9,22,30,32,39
01/01/2001,7,13,17,21,25,36
01/01/2001,5,10,15,19,31,39
01/01/2001,5,9,10,14,19,42
01/01/2001,1,12,13,30,32,42
01/01/2001,6,7,18,25,28,31
01/01/2001,2,9,13,22,23,34
01/01/2001,2,6,15,16,18,31
01/01/2001,7,8,17,19,26,29
01/01/2001,9,16,23,24,37,39
01/01/2001,11,12,15,26,28,33
01/01/2001,7,12,21,22,32,33
01/01/2001,3,5,6,12,13,19
01/01/2001,11,13,18,20,28,40
01/01/2001,12,14,16,29,32,38
01/01/2001,11,22,29,31,32,41
01/01/2001,1,12,15,16,22,37
01/01/2001,3,5,16,20,29,42
01/01/2001,2,16,26,28,29,41
01/01/2001,16,18,20,21,23,24
01/01/2001,1,5,19,30,31,40
01/01/2001,11,14,20,25,27,34
01/01/2001,18,26,29,32,38,39
01/01/2001,11,17,19,20,24,26
01/01/2001,19,21,31,33,34,42
01/01/2001,7,27,28,29,36,40
01/01/2001,12,24,29,30,37,40
01/01/2001,3,6,10,12,40,42
01/01/2001,1,7,10,11,12,39
01/01/2001,1,9,17,32,37,39
01/01/2001,2,21,31,38,40,41
01/01/2001,3,5,6,7,28,38
01/01/2001,1,8,16,23,31,38
01/01/2001,2,4,6,29,32,40
01/01/2001,8,9,16,29,32,40
01/01/2001,6,11,13,22,23,34
01/01/2001,9,18,19,20,21,42
01/01/2001,3,19,24,33,34,37
01/01/2001,12,27,28,35,39,40
01/01/2001,6,27,32,34,35,39
01/01/2001,13,26,28,32,38,41
01/01/2001,2,4,9,24,25,38
01/01/2001,3,9,14,24,30,39
01/01/2001,12,18,25,31,35,37
04/01/2001,8,16,19,21,28,42
08/01/2001,1,9,22,23,32,33
11/01/2001,14,17,20,35,36,41
15/01/2001,11,12,29,35,40,45
18/01/2001,8,16,18,31,34,43
22/01/2001,10,12,20,29,34,39
25/01/2001,3,7,9,12,13,19
29/01/2001,3,15,16,36,37,43
01/02/2001,1,15,20,32,34,38
05/02/2001,6,7,11,18,21,28
08/02/2001,4,18,34,40,43,44
12/02/2001,2,5,11,13,24,39
15/02/2001,11,18,31,34,37,40
19/02/2001,4,7,12,22,32,43
22/02/2001,8,22,25,33,36,37
26/02/2001,17,19,20,26,27,38
01/03/2001,3,6,11,18,21,36
05/03/2001,2,8,9,17,22,26
08/03/2001,5,12,14,37,39,45
12/03/2001,1,18,24,29,30,31
15/03/2001,1,15,19,27,33,45
19/03/2001,5,11,13,24,38,41
22/03/2001,24,25,27,33,38,39
26/03/2001,1,10,14,15,29,31
29/03/2001,2,6,37,38,39,45
02/04/2001,5,19,31,38,41,42
05/04/2001,8,10,23,24,31,45
09/04/2001,13,16,24,25,27,35
12/04/2001,8,10,22,32,36,43
16/04/2001,2,14,33,37,43,44
19/04/2001,8,15,29,30,32,37
23/04/2001,10,11,31,36,41,44
26/04/2001,2,10,18,28,36,43
30/04/2001,5,9,18,21,34,38
03/05/2001,4,9,14,23,27,36
07/05/2001,1,12,19,30,31,43
10/05/2001,1,8,11,21,27,33
14/05/2001,10,17,21,37,39,45
17/05/2001,6,15,22,23,25,45
21/05/2001,8,28,34,36,41,42
24/05/2001,2,13,15,24,32,38
28/05/2001,19,24,27,31,33,41
31/05/2001,3,15,16,30,34,45
04/06/2001,5,14,16,24,38,44
07/06/2001,1,10,13,32,37,45
11/06/2001,1,10,19,23,29,45
14/06/2001,1,10,14,19,23,34
18/06/2001,4,5,6,12,17,43
21/06/2001,2,6,18,27,37,41
25/06/2001,8,20,22,32,40,43
28/06/2001,4,12,17,31,43,44
02/07/2001,4,5,19,20,39,44
05/07/2001,8,17,20,25,42,44
09/07/2001,5,13,23,27,28,29
12/07/2001,12,16,20,24,29,36
16/07/2001,8,15,30,32,41,44
19/07/2001,15,18,24,29,33,44
23/07/2001,6,8,17,26,34,39
26/07/2001,1,7,16,39,42,44
30/07/2001,16,18,19,21,27,38
02/08/2001,17,29,30,34,35,45
06/08/2001,5,12,26,31,34,38
09/08/2001,3,7,15,16,20,37
13/08/2001,9,22,24,25,37,39
16/08/2001,9,22,27,30,32,36
20/08/2001,1,2,9,11,23,44
23/08/2001,2,15,21,31,32,37
27/08/2001,10,25,32,37,40,45
30/08/2001,7,13,15,18,25,32
03/09/2001,11,13,21,33,35,36
06/09/2001,9,19,24,30,40,41
10/09/2001,1,3,8,10,33,39
13/09/2001,1,12,23,30,34,36
17/09/2001,3,21,30,33,41,42
20/09/2001,2,13,18,19,34,39
24/09/2001,5,8,9,21,32,40
27/09/2001,11,23,27,30,37,40
01/10/2001,3,8,12,20,25,27
04/10/2001,1,3,7,13,23,25
08/10/2001,5,11,14,25,33,38
11/10/2001,3,6,21,25,30,39
15/10/2001,6,8,11,16,17,31
18/10/2001,10,12,14,18,28,33
22/10/2001,9,28,29,35,40,43
25/10/2001,5,10,22,39,42,44
29/10/2001,2,19,34,37,39,44
01/11/2001,3,12,21,22,23,28
05/11/2001,7,21,22,23,24,44
08/11/2001,18,24,35,38,41,44
12/11/2001,19,23,39,40,42,43
15/11/2001,19,22,28,37,40,43
19/11/2001,7,14,24,30,31,32
22/11/2001,3,5,7,9,13,45
26/11/2001,6,12,20,21,27,45
29/11/2001,1,10,16,18,27,38
03/12/2001,20,36,39,42,43,44
06/12/2001,2,11,25,28,36,43
10/12/2001,1,5,9,11,28,42
13/12/2001,2,4,9,32,33,42
17/12/2001,7,14,32,35,36,37
20/12/2001,7,10,27,38,41,44
24/12/2001,2,14,20,28,38,40
27/12/2001,1,5,9,11,13,19
31/12/2001,3,7,20,22,33,40
03/01/2002,3,7,24,33,40,41
07/01/2002,2,22,32,39,41,45
10/01/2002,8,25,29,30,33,40
14/01/2002,10,28,35,39,40,43
17/01/2002,6,10,22,31,37,42
21/01/2002,9,15,18,30,34,43
24/01/2002,6,8,13,31,38,40
28/01/2002,1,14,18,22,35,41
31/01/2002,3,5,13,21,31,40
04/02/2002,6,8,9,26,28,29
07/02/2002,1,5,18,24,28,36
11/02/2002,4,6,11,15,19,24
14/02/2002,7,14,24,30,34,38
18/02/2002,2,8,11,26,42,43
21/02/2002,12,18,23,33,39,41
25/02/2002,3,5,35,36,41,45
28/02/2002,7,11,26,27,35,41
04/03/2002,19,23,33,35,44,45
07/03/2002,2,5,11,22,32,41
11/03/2002,7,16,20,21,22,42
14/03/2002,7,10,33,35,39,40
18/03/2002,6,11,20,25,40,41
21/03/2002,8,12,14,21,37,45
25/03/2002,5,15,23,26,27,44
28/03/2002,7,8,11,23,30,39
01/04/2002,6,9,21,28,33,36
04/04/2002,2,10,18,27,39,42
08/04/2002,7,10,18,25,32,36
11/04/2002,5,6,14,16,17,28
15/04/2002,3,11,15,32,36,45
18/04/2002,20,23,35,38,40,43
22/04/2002,3,5,6,24,31,43
25/04/2002,22,30,32,35,41,44
29/04/2002,10,18,32,34,44,45
02/05/2002,18,21,27,39,43,45
06/05/2002,9,18,22,35,40,43
09/05/2002,4,17,33,36,39,45
13/05/2002,3,6,17,24,31,33
16/05/2002,6,9,16,29,30,41
20/05/2002,7,16,35,37,43,45
23/05/2002,2,5,9,17,37,39
27/05/2002,4,24,28,38,40,45
30/05/2002,5,6,7,12,16,43
03/06/2002,4,8,15,23,41,43
06/06/2002,2,4,6,26,29,37
10/06/2002,9,25,28,31,34,42
13/06/2002,1,3,11,13,19,23
17/06/2002,1,7,15,30,34,37
20/06/2002,17,24,25,34,35,39
24/06/2002,3,24,31,33,42,45
27/06/2002,12,19,34,35,37,44
01/07/2002,1,9,10,20,31,36
04/07/2002,1,3,7,17,37,42
08/07/2002,10,17,18,20,21,42
11/07/2002,9,17,28,32,33,44
15/07/2002,10,11,22,39,40,43
18/07/2002,8,17,19,26,32,45
22/07/2002,5,12,13,15,37,40
25/07/2002,4,7,14,15,25,36
29/07/2002,1,22,30,31,36,43
01/08/2002,16,17,22,25,31,41
05/08/2002,25,32,35,39,40,43
08/08/2002,10,15,18,19,30,31
12/08/2002,1,6,14,25,27,34
15/08/2002,6,11,16,30,43,44
19/08/2002,17,25,35,37,42,44
22/08/2002,2,3,11,15,34,43
26/08/2002,5,6,16,21,23,32
29/08/2002,21,24,31,39,40,42
02/09/2002,6,8,9,16,36,39
05/09/2002,1,15,16,32,35,36
09/09/2002,17,22,26,37,41,43
12/09/2002,3,4,10,13,22,45
16/09/2002,5,19,27,30,33,34
19/09/2002,11,17,34,35,42,45
23/09/2002,4,7,17,21,26,45
26/09/2002,3,22,31,34,35,41
30/09/2002,9,19,21,33,36,37
03/10/2002,9,12,22,35,36,45
07/10/2002,10,15,22,24,29,44
10/10/2002,1,2,6,20,27,29
14/10/2002,8,11,19,23,25,33
17/10/2002,3,14,16,24,34,38
21/10/2002,2,24,25,34,38,40
24/10/2002,1,9,14,27,41,44
28/10/2002,6,7,8,10,13,37
31/10/2002,12,15,17,35,41,45
04/11/2002,8,17,20,27,33,39
07/11/2002,8,25,29,34,38,43
11/11/2002,7,26,34,36,39,42
14/11/2002,3,20,23,26,35,36
18/11/2002,12,15,17,20,22,42
21/11/2002,3,7,20,26,39,45
25/11/2002,18,22,25,27,29,34
28/11/2002,7,21,36,38,41,45
02/12/2002,1,10,15,30,34,38
05/12/2002,5,10,12,17,34,43
09/12/2002,5,15,23,24,26,36
12/12/2002,15,20,22,29,33,34
16/12/2002,11,13,27,32,36,45
19/12/2002,12,17,19,21,29,32
23/12/2002,4,5,7,18,26,30
26/12/2002,6,10,13,30,40,44
30/12/2002,5,8,10,16,25,41
02/01/2003,1,7,8,19,21,36
06/01/2003,6,21,25,37,41,44
09/01/2003,3,19,24,25,27,28
13/01/2003,5,6,14,21,32,42
16/01/2003,1,7,14,17,29,45
20/01/2003,5,14,16,21,32,40
23/01/2003,2,7,17,18,24,41
27/01/2003,13,17,19,22,28,41
30/01/2003,5,7,17,22,32,43
03/02/2003,15,24,25,33,37,41
06/02/2003,12,16,21,25,29,45
10/02/2003,4,15,18,26,28,29
13/02/2003,7,16,22,23,29,30
17/02/2003,8,19,20,24,26,41
20/02/2003,8,9,30,35,39,43
24/02/2003,16,18,24,28,37,39
27/02/2003,2,20,28,38,41,42
03/03/2003,1,16,22,24,29,39
06/03/2003,2,10,18,26,33,45
10/03/2003,9,10,23,30,33,42
13/03/2003,10,16,21,31,32,39
17/03/2003,3,4,8,10,11,16
20/03/2003,2,9,12,20,30,31
24/03/2003,13,17,26,34,39,41
27/03/2003,1,5,11,15,16,38
31/03/2003,1,6,9,22,32,45
03/04/2003,4,11,13,21,31,39
07/04/2003,3,4,20,28,33,43
10/04/2003,4,10,24,38,42,43
14/04/2003,18,21,23,31,37,45
17/04/2003,15,20,22,40,43,44
21/04/2003,3,5,9,11,16,42
24/04/2003,2,3,6,21,30,35
28/04/2003,5,6,14,19,26,45
01/05/2003,1,3,12,20,31,43
05/05/2003,7,15,22,24,30,42
08/05/2003,4,7,14,24,31,33
12/05/2003,6,8,15,22,25,36
15/05/2003,1,3,5,22,27,31
19/05/2003,1,20,22,25,29,39
22/05/2003,2,9,11,23,41,42
26/05/2003,2,5,11,24,34,37
29/05/2003,2,5,15,20,26,29
02/06/2003,18,22,27,28,29,43
05/06/2003,10,14,17,21,31,45
09/06/2003,14,16,20,28,41,44
12/06/2003,5,12,14,17,25,36
16/06/2003,9,12,17,20,30,43
19/06/2003,16,18,19,28,31,42
23/06/2003,3,7,10,35,42,43
26/06/2003,1,10,11,33,37,40
30/06/2003,8,13,15,24,25,27
03/07/2003,11,22,23,26,30,37
07/07/2003,7,15,23,39,43,45
10/07/2003,1,2,21,23,27,39
14/07/2003,13,24,25,27,31,38
17/07/2003,12,20,27,28,33,34
21/07/2003,2,6,11,18,28,41
24/07/2003,4,15,16,20,34,41
28/07/2003,3,7,25,26,27,43
31/07/2003,1,17,24,29,34,35
04/08/2003,3,15,23,24,32,40
07/08/2003,1,25,32,36,41,42
11/08/2003,4,13,17,18,24,26
14/08/2003,9,15,21,39,43,44
18/08/2003,4,9,14,30,38,39
21/08/2003,4,10,21,22,32,36
25/08/2003,12,15,26,27,30,33
28/08/2003,22,24,27,39,43,45
01/09/2003,4,5,8,13,18,31
04/09/2003,5,7,18,25,28,40
08/09/2003,13,14,23,24,41,44
11/09/2003,2,12,15,27,28,41
15/09/2003,8,12,15,20,28,29
18/09/2003,13,14,20,25,36,44
22/09/2003,5,22,25,34,37,42
25/09/2003,20,29,31,34,39,41
29/09/2003,1,6,14,16,30,37
02/10/2003,4,5,26,28,33,35
06/10/2003,6,11,12,16,25,36
09/10/2003,10,11,23,25,31,39
13/10/2003,9,12,19,23,31,45
16/10/2003,5,25,32,34,38,43
20/10/2003,5,24,26,27,38,39
23/10/2003,8,9,12,19,23,38
27/10/2003,3,4,9,13,20,39
30/10/2003,6,7,9,12,14,21
03/11/2003,16,21,30,41,42,44
06/11/2003,5,7,14,20,34,45
10/11/2003,11,14,19,21,30,32
13/11/2003,6,9,13,16,25,45
17/11/2003,9,12,23,29,37,40
20/11/2003,9,11,22,27,37,45
24/11/2003,1,2,9,26,30,32
27/11/2003,11,15,20,30,31,33
01/12/2003,5,13,20,36,37,38
04/12/2003,4,9,16,20,34,41
08/12/2003,3,19,25,32,33,41
11/12/2003,4,7,16,19,28,38
15/12/2003,4,10,13,18,21,25
18/12/2003,3,14,17,22,34,40
22/12/2003,3,8,30,33,39,42
25/12/2003,3,24,25,28,29,38
29/12/2003,2,12,14,18,24,30
01/01/2004,7,9,12,19,23,34
05/01/2004,8,16,17,41,43,45
08/01/2004,17,25,30,34,37,42
12/01/2004,9,11,15,17,19,44
15/01/2004,2,5,9,10,32,39
19/01/2004,14,18,20,36,42,44
23/01/2004,13,22,28,32,36,37
26/01/2004,8,9,16,24,35,36
29/01/2004,2,3,4,5,27,31
02/02/2004,6,16,17,19,28,34
05/02/2004,14,20,24,25,30,36
09/02/2004,6,10,19,25,34,35
12/02/2004,3,10,18,29,36,42
16/02/2004,6,8,39,40,41,45
19/02/2004,5,8,17,21,35,36
23/02/2004,6,20,21,23,28,39
26/02/2004,3,10,16,26,40,44
01/03/2004,14,20,22,25,28,29
04/03/2004,6,7,25,40,41,43
08/03/2004,2,17,19,21,42,44
11/03/2004,18,24,26,34,36,43
15/03/2004,1,9,13,16,35,45
18/03/2004,6,17,31,40,42,43
22/03/2004,16,21,23,27,28,35
25/03/2004,13,18,20,37,38,43
29/03/2004,1,2,6,7,19,24
01/04/2004,3,9,27,28,39,40
05/04/2004,4,7,12,13,15,33
08/04/2004,11,25,30,33,36,39
12/04/2004,8,10,16,29,32,37
15/04/2004,2,3,9,19,32,34
19/04/2004,10,15,26,36,39,45
22/04/2004,6,8,14,23,26,37
26/04/2004,7,15,18,24,25,37
29/04/2004,6,10,18,22,31,32
03/05/2004,3,4,9,12,20,33
06/05/2004,5,11,20,23,27,30
10/05/2004,2,6,8,16,21,41
13/05/2004,11,13,16,21,35,45
17/05/2004,2,6,10,17,21,28
20/05/2004,17,23,25,32,36,45
24/05/2004,6,7,16,33,40,44
27/05/2004,1,4,12,13,18,35
31/05/2004,2,8,24,26,29,36
03/06/2004,8,13,20,30,41,43
07/06/2004,3,5,10,26,29,33
10/06/2004,2,10,11,28,39,40
14/06/2004,2,17,21,25,28,30
17/06/2004,12,15,27,30,32,36
21/06/2004,21,23,24,30,36,40
24/06/2004,10,17,20,24,39,43
28/06/2004,11,13,17,30,37,41
01/07/2004,11,15,16,22,42,43
05/07/2004,9,10,15,18,34,43
08/07/2004,1,3,21,27,32,40
12/07/2004,5,6,9,40,41,42
15/07/2004,2,4,6,37,38,40
19/07/2004,11,12,13,20,43,44
22/07/2004,4,19,21,30,35,45
26/07/2004,7,31,32,33,39,45
29/07/2004,1,7,15,20,26,39
02/08/2004,1,7,18,28,29,40
05/08/2004,14,25,27,28,32,41
09/08/2004,16,19,20,21,32,41
12/08/2004,4,14,27,33,37,38
16/08/2004,11,12,22,28,33,37
19/08/2004,13,15,17,26,34,44
23/08/2004,13,14,17,32,37,41
26/08/2004,1,7,11,20,33,36
30/08/2004,1,5,12,30,38,43
02/09/2004,3,23,24,33,36,45
06/09/2004,6,9,11,13,15,25
09/09/2004,9,14,18,26,29,30
13/09/2004,2,9,20,23,28,40
16/09/2004,5,7,20,32,35,42
20/09/2004,2,11,13,26,29,31
23/09/2004,7,19,37,38,41,43
27/09/2004,3,4,10,33,37,42
30/09/2004,13,17,22,31,42,43
04/10/2004,11,18,30,37,38,39
07/10/2004,7,17,23,30,38,42
11/10/2004,2,16,32,37,38,40
14/10/2004,24,30,31,35,41,45
18/10/2004,9,10,13,17,23,28
21/10/2004,3,5,16,21,28,43
25/10/2004,8,15,19,20,41,44
28/10/2004,15,25,31,38,43,45
01/11/2004,3,5,9,23,43,45
04/11/2004,2,8,11,14,15,34
08/11/2004,3,10,18,31,34,43
11/11/2004,11,14,16,17,33,40
15/11/2004,2,14,22,30,33,37
18/11/2004,3,11,12,21,32,40
22/11/2004,13,15,18,20,31,45
25/11/2004,15,17,28,39,42,44
29/11/2004,11,17,30,31,35,41
02/12/2004,4,6,12,18,23,31
06/12/2004,4,11,12,20,22,37
09/12/2004,6,11,17,19,33,43
13/12/2004,2,11,20,27,33,42
16/12/2004,6,12,20,30,40,41
20/12/2004,4,7,12,22,23,38
23/12/2004,13,14,17,25,33,38
27/12/2004,1,16,17,26,34,43
30/12/2004,6,7,9,21,33,44
03/01/2005,21,31,34,35,37,38
06/01/2005,3,6,13,20,42,45
10/01/2005,10,12,27,29,39,45
13/01/2005,7,10,21,25,28,44
17/01/2005,6,14,27,29,39,45
20/01/2005,15,28,30,33,34,44
24/01/2005,12,14,20,32,39,42
27/01/2005,2,5,12,16,37,40
31/01/2005,11,13,16,19,23,25
03/02/2005,6,17,22,29,37,40
07/02/2005,6,23,25,38,40,41
10/02/2005,14,25,30,37,39,42
14/02/2005,5,15,30,34,43,44
17/02/2005,5,12,13,30,31,43
21/02/2005,3,4,14,27,33,41
24/02/2005,6,8,38,43,44,45
28/02/2005,4,7,12,24,25,42
03/03/2005,7,12,31,33,35,41
07/03/2005,2,10,17,22,25,34
10/03/2005,5,8,12,14,28,31
14/03/2005,1,15,25,26,44,45
17/03/2005,7,17,25,27,28,43
21/03/2005,1,9,12,18,20,33
24/03/2005,4,14,17,18,28,38
28/03/2005,4,19,20,21,27,33
31/03/2005,2,4,12,21,27,37
04/04/2005,2,20,21,22,27,35
07/04/2005,7,10,11,30,38,41
11/04/2005,6,13,15,23,31,32
14/04/2005,10,28,29,35,37,41
18/04/2005,1,10,13,21,24,39
21/04/2005,10,14,15,30,33,38
25/04/2005,4,6,13,17,39,40
28/04/2005,5,12,25,37,38,43
02/05/2005,4,10,16,18,20,36
05/05/2005,1,5,7,11,14,36
09/05/2005,4,9,12,18,40,44
12/05/2005,7,14,20,33,39,43
16/05/2005,4,9,24,27,31,41
19/05/2005,1,7,16,18,19,38
23/05/2005,1,4,6,8,29,41
26/05/2005,8,10,19,25,26,36
30/05/2005,3,16,17,19,42,43
02/06/2005,5,8,9,18,26,41
06/06/2005,1,2,19,27,36,37
09/06/2005,7,20,23,26,40,43
13/06/2005,9,14,27,28,34,36
16/06/2005,2,5,22,27,35,45
20/06/2005,4,22,23,28,34,35
23/06/2005,5,10,11,16,28,42
27/06/2005,8,22,30,37,41,45
30/06/2005,1,5,11,17,29,37
04/07/2005,2,4,17,34,43,45
07/07/2005,2,3,11,17,26,39
11/07/2005,10,19,25,32,34,41
14/07/2005,1,18,21,26,30,37
18/07/2005,1,4,5,16,20,31
21/07/2005,5,6,9,10,33,40
25/07/2005,11,12,16,24,34,45
28/07/2005,4,8,17,30,32,40
01/08/2005,8,10,13,20,36,39
04/08/2005,1,20,26,36,38,44
08/08/2005,5,6,20,27,35,36
11/08/2005,3,5,23,35,38,42
15/08/2005,1,7,14,27,42,44
18/08/2005,1,4,12,18,22,35
22/08/2005,29,30,32,35,41,44
25/08/2005,5,14,18,37,39,42
29/08/2005,4,8,14,24,25,31
01/09/2005,1,10,14,19,20,41
05/09/2005,9,12,13,17,32,37
08/09/2005,11,16,17,22,31,38
12/09/2005,11,15,16,24,28,38
15/09/2005,2,3,5,10,15,28
19/09/2005,6,10,11,28,31,44
22/09/2005,2,12,23,30,31,34
26/09/2005,5,13,14,17,28,40
29/09/2005,11,15,16,29,31,41
03/10/2005,1,6,8,17,20,39
06/10/2005,6,23,24,29,33,44
10/10/2005,10,11,19,34,35,43
13/10/2005,1,16,17,30,42,45
17/10/2005,20,21,23,29,31,32
20/10/2005,4,5,27,28,42,45
24/10/2005,1,2,8,17,19,28
27/10/2005,23,28,36,38,42,43
31/10/2005,9,15,19,20,35,44
03/11/2005,8,9,12,24,35,37
07/11/2005,5,10,12,20,24,40
10/11/2005,13,22,23,27,37,38
14/11/2005,4,17,23,30,32,35
17/11/2005,4,25,30,37,38,41
21/11/2005,7,26,31,32,37,44
24/11/2005,10,15,17,19,40,44
28/11/2005,13,15,28,32,41,45
01/12/2005,1,12,19,30,40,43
05/12/2005,4,13,21,24,27,34
08/12/2005,11,23,28,33,43,45
12/12/2005,9,24,30,39,41,45
15/12/2005,2,26,27,37,41,43
19/12/2005,2,18,34,35,42,44
22/12/2005,13,24,30,39,41,43
26/12/2005,15,19,23,27,29,42
29/12/2005,1,7,30,33,38,42
02/01/2006,4,8,14,19,36,37
05/01/2006,2,13,16,26,30,34
09/01/2006,14,16,27,33,38,42
12/01/2006,6,12,17,19,33,44
16/01/2006,1,8,18,29,38,39
19/01/2006,5,16,26,27,40,44
23/01/2006,14,16,22,27,29,41
26/01/2006,1,2,8,24,36,42
30/01/2006,12,18,20,24,36,37
02/02/2006,5,17,21,23,33,41
06/02/2006,3,10,25,27,32,41
10/02/2006,11,15,23,24,30,42
13/02/2006,7,10,13,16,37,42
16/02/2006,1,6,13,18,23,42
20/02/2006,3,14,16,34,38,40
23/02/2006,6,13,19,21,35,40
27/02/2006,2,3,7,13,31,33
02/03/2006,10,14,19,22,27,29
06/03/2006,1,28,30,31,43,45
09/03/2006,5,8,23,28,35,45
13/03/2006,3,4,6,16,32,43
16/03/2006,1,21,31,33,40,41
20/03/2006,2,9,22,31,34,41
23/03/2006,9,18,25,32,40,44
27/03/2006,4,12,13,20,30,43
30/03/2006,9,15,21,22,30,43
03/04/2006,7,9,13,22,41,44
06/04/2006,19,23,24,31,35,38
10/04/2006,4,5,11,30,32,38
13/04/2006,8,11,22,29,41,44
17/04/2006,17,22,23,27,31,37
20/04/2006,1,25,26,35,36,42
24/04/2006,2,9,20,27,33,38
27/04/2006,1,6,9,15,19,28
01/05/2006,1,4,6,23,27,41
04/05/2006,2,10,16,23,25,29
08/05/2006,17,27,31,38,40,41
11/05/2006,6,12,18,19,34,35
15/05/2006,5,8,17,25,29,39
18/05/2006,9,11,30,31,32,34
22/05/2006,7,11,14,23,24,40
25/05/2006,1,7,12,18,38,45
29/05/2006,2,12,30,31,34,44
01/06/2006,3,17,19,29,30,34
05/06/2006,6,9,10,11,32,38
08/06/2006,1,12,26,31,37,45
12/06/2006,4,14,15,36,41,43
15/06/2006,5,9,21,24,30,39
19/06/2006,3,4,8,15,21,31
22/06/2006,7,10,15,28,37,41
26/06/2006,1,10,12,29,34,38
29/06/2006,7,15,20,26,30,36
03/07/2006,4,9,12,13,17,27
06/07/2006,10,14,18,23,24,27
10/07/2006,26,28,37,39,41,42
13/07/2006,7,8,16,22,35,43
17/07/2006,3,6,7,12,17,20
20/07/2006,1,16,18,23,28,38
24/07/2006,8,11,12,17,18,33
27/07/2006,11,19,27,35,36,44
31/07/2006,5,13,14,31,38,44
03/08/2006,21,25,27,30,36,45
07/08/2006,1,11,24,25,42,44
10/08/2006,3,8,13,31,36,44
14/08/2006,9,19,28,35,36,40
17/08/2006,5,8,19,37,42,45
21/08/2006,1,2,13,28,34,44
24/08/2006,7,21,29,32,36,38
28/08/2006,2,5,20,30,35,45
31/08/2006,1,9,12,17,21,41
04/09/2006,5,28,29,33,40,44
07/09/2006,1,10,12,16,19,45
11/09/2006,8,14,24,25,36,43
14/09/2006,4,12,15,26,29,45
18/09/2006,7,15,20,28,32,35
21/09/2006,13,17,22,25,31,34
25/09/2006,1,3,11,12,18,33
28/09/2006,2,22,28,31,39,40
02/10/2006,4,7,10,13,34,35
06/10/2006,5,13,24,31,35,38
09/10/2006,11,18,26,30,33,43
12/10/2006,4,7,12,19,20,31
16/10/2006,3,11,21,23,35,44
19/10/2006,2,8,23,31,37,38
23/10/2006,3,6,9,16,23,26
26/10/2006,16,19,21,24,32,41
30/10/2006,1,4,21,22,24,40
02/11/2006,8,12,22,29,31,45
06/11/2006,10,21,27,32,37,43
09/11/2006,5,12,14,17,22,29
13/11/2006,1,7,15,18,28,43
16/11/2006,5,13,18,21,22,28
20/11/2006,4,13,27,37,38,44
23/11/2006,5,17,21,23,32,42
27/11/2006,4,13,15,26,28,30
30/11/2006,3,9,17,33,34,38
04/12/2006,4,7,11,18,34,37
07/12/2006,3,5,7,11,24,44
11/12/2006,4,5,7,9,10,37
14/12/2006,1,5,6,18,25,29
18/12/2006,5,7,15,25,32,38
21/12/2006,2,5,7,17,29,39
25/12/2006,6,10,14,26,31,37
28/12/2006,5,24,27,29,32,36
01/01/2007,6,8,10,38,41,45
04/01/2007,7,10,22,24,29,34
08/01/2007,11,17,18,19,34,40
11/01/2007,9,10,23,35,43,45
15/01/2007,16,20,24,27,35,36
18/01/2007,2,17,24,26,40,45
22/01/2007,10,13,20,32,36,44
25/01/2007,14,16,25,26,36,44
29/01/2007,17,21,28,32,37,39
01/02/2007,10,17,19,25,26,45
05/02/2007,19,20,29,32,34,36
08/02/2007,5,12,19,24,31,40
12/02/2007,3,5,10,16,17,40
15/02/2007,3,8,11,16,26,29
19/02/2007,2,17,24,25,32,41
22/02/2007,6,12,20,30,33,41
26/02/2007,6,11,13,17,33,41
02/03/2007,5,6,16,17,28,35
05/03/2007,7,18,19,26,27,41
08/03/2007,4,8,11,22,26,43
12/03/2007,14,17,34,39,40,42
15/03/2007,5,7,13,22,27,30
19/03/2007,2,15,16,19,25,32
22/03/2007,3,9,18,26,34,42
26/03/2007,8,10,32,39,42,44
29/03/2007,3,5,9,17,21,36
02/04/2007,3,7,9,26,30,38
05/04/2007,4,8,16,17,41,44
09/04/2007,14,15,19,22,32,34
12/04/2007,5,8,12,14,18,19
16/04/2007,10,16,23,24,29,33
19/04/2007,19,24,25,41,43,44
23/04/2007,3,6,8,27,30,39
26/04/2007,2,4,12,30,37,44
30/04/2007,1,7,16,20,39,45
03/05/2007,6,7,10,11,13,39
07/05/2007,7,21,23,26,33,35
10/05/2007,7,18,22,27,36,45
14/05/2007,5,11,12,14,17,19
17/05/2007,5,6,14,17,32,39
21/05/2007,8,11,15,17,39,42
24/05/2007,5,24,29,40,41,43
28/05/2007,7,11,16,17,20,35
31/05/2007,6,9,10,25,34,38
04/06/2007,4,10,24,29,38,40
07/06/2007,1,18,27,33,37,45
11/06/2007,4,9,12,24,43,44
14/06/2007,8,19,22,28,33,38
18/06/2007,8,13,18,20,26,43
21/06/2007,11,13,19,30,31,35
25/06/2007,8,24,26,38,41,42
28/06/2007,17,18,33,34,41,42
02/07/2007,4,13,20,31,32,41
06/07/2007,1,5,9,10,11,15
09/07/2007,15,19,20,22,27,38
12/07/2007,4,17,22,31,35,40
16/07/2007,3,4,17,20,22,44
19/07/2007,10,18,27,39,41,45
23/07/2007,9,10,13,19,33,37
26/07/2007,1,8,11,29,31,32
30/07/2007,7,14,22,29,37,39
02/08/2007,6,13,17,36,39,42
06/08/2007,12,19,33,36,42,44
09/08/2007,7,10,11,25,31,34
13/08/2007,17,18,20,25,27,43
16/08/2007,3,6,28,32,39,41
20/08/2007,3,28,34,37,41,43
23/08/2007,2,3,9,21,28,40
27/08/2007,1,4,12,27,30,34
30/08/2007,14,16,22,24,40,41
03/09/2007,8,21,33,37,39,41
06/09/2007,5,12,16,22,40,42
10/09/2007,3,5,12,16,20,27
13/09/2007,2,7,25,27,32,41
17/09/2007,5,7,8,12,15,26
21/09/2007,4,6,14,19,34,40
24/09/2007,7,8,16,28,31,41
27/09/2007,1,4,17,29,36,39
01/10/2007,2,18,31,35,39,41
04/10/2007,1,6,26,32,37,40
08/10/2007,8,24,27,28,33,39
11/10/2007,9,14,15,22,24,43
15/10/2007,4,7,11,29,41,42
18/10/2007,24,26,30,31,33,39
22/10/2007,2,16,23,24,29,42
25/10/2007,15,27,30,33,36,45
29/10/2007,3,10,11,17,26,36
01/11/2007,2,20,27,28,35,41
05/11/2007,1,17,34,40,42,43
08/11/2007,2,4,15,17,38,39
12/11/2007,4,5,6,11,17,26
15/11/2007,8,11,16,27,30,38
19/11/2007,5,9,11,39,42,43
22/11/2007,17,24,37,38,41,44
26/11/2007,7,19,22,24,28,29
29/11/2007,3,7,8,16,18,25
03/12/2007,2,7,22,25,33,39
06/12/2007,1,2,21,30,31,37
10/12/2007,2,5,7,8,17,22
13/12/2007,7,10,18,26,31,43
17/12/2007,3,5,8,12,18,43
20/12/2007,5,7,16,17,23,39
24/12/2007,1,15,25,26,27,41
27/12/2007,8,12,27,33,35,38
31/12/2007,2,3,10,21,22,39
03/01/2008,11,16,17,32,35,42
07/01/2008,4,8,10,11,12,24
10/01/2008,9,11,17,33,37,43
14/01/2008,3,22,23,25,27,34
17/01/2008,6,13,16,20,32,40
21/01/2008,2,7,10,14,27,40
24/01/2008,14,19,24,39,40,43
28/01/2008,2,7,11,25,29,30
31/01/2008,7,12,13,17,29,38
04/02/2008,3,9,19,27,43,44
07/02/2008,1,3,18,27,36,37
11/02/2008,5,8,17,30,31,43
14/02/2008,4,12,15,33,38,45
16/02/2008,5,6,30,35,39,41
21/02/2008,1,15,18,19,25,37
25/02/2008,6,9,29,34,39,41
28/02/2008,9,19,21,24,32,38
03/03/2008,4,6,15,26,28,35
06/03/2008,2,3,12,29,33,36
10/03/2008,10,15,20,27,28,35
13/03/2008,1,2,8,11,33,44
17/03/2008,8,23,27,32,35,44
20/03/2008,1,7,9,11,15,41
24/03/2008,14,18,19,24,32,39
27/03/2008,1,16,24,25,27,36
31/03/2008,1,4,15,30,40,43
03/04/2008,4,5,9,14,18,31
07/04/2008,7,18,19,29,32,37
10/04/2008,9,12,31,33,39,41
14/04/2008,5,13,19,35,36,42
17/04/2008,18,28,36,38,39,41
21/04/2008,9,15,18,23,24,32
24/04/2008,6,10,14,21,33,42
28/04/2008,14,19,20,24,29,42
01/05/2008,25,27,32,33,38,39
05/05/2008,10,11,17,20,38,44
08/05/2008,14,16,26,27,37,44
12/05/2008,12,20,27,31,33,37
15/05/2008,2,15,25,39,42,44
19/05/2008,7,11,17,27,32,38
23/05/2008,4,5,8,23,25,31
26/05/2008,8,18,25,29,43,45
29/05/2008,1,12,14,25,30,31
02/06/2008,9,22,34,36,39,45
05/06/2008,1,10,14,32,35,41
09/06/2008,2,4,7,20,21,27
12/06/2008,13,21,23,25,30,40
16/06/2008,3,21,23,31,34,42
19/06/2008,3,16,25,28,34,39
23/06/2008,6,26,28,32,33,39
26/06/2008,2,13,15,16,24,28
30/06/2008,4,9,14,37,41,44
03/07/2008,6,11,14,15,28,45
07/07/2008,2,18,19,21,39,45
10/07/2008,22,32,41,42,43,44
14/07/2008,5,12,17,18,38,40
17/07/2008,5,10,25,27,36,39
21/07/2008,5,13,25,27,40,44
24/07/2008,2,5,9,20,21,42
28/07/2008,4,16,21,26,31,37
31/07/2008,9,10,14,18,30,34
04/08/2008,4,10,12,20,42,43
08/08/2008,14,17,19,21,25,38
11/08/2008,3,11,15,23,31,42
14/08/2008,6,7,28,36,38,45
18/08/2008,4,6,18,22,27,29
21/08/2008,5,9,19,30,41,45
25/08/2008,6,8,12,15,33,37
28/08/2008,2,11,16,32,44,45
01/09/2008,5,14,29,34,37,39
04/09/2008,8,25,33,39,40,45
08/09/2008,8,17,20,39,41,44
11/09/2008,8,10,20,23,40,41
15/09/2008,11,12,13,21,25,32
18/09/2008,10,23,31,37,38,41
22/09/2008,6,10,18,21,30,35
25/09/2008,1,15,17,26,38,42
29/09/2008,9,10,22,27,36,39
02/10/2008,3,6,7,11,27,37
06/10/2008,6,13,22,30,31,42
09/10/2008,2,20,31,33,38,42
13/10/2008,9,23,24,25,30,41
16/10/2008,17,23,24,38,40,44
20/10/2008,12,16,18,23,25,35
23/10/2008,5,11,18,24,39,41
27/10/2008,1,3,6,7,26,39
30/10/2008,1,9,17,23,35,38
03/11/2008,1,6,31,35,40,42
06/11/2008,13,24,26,27,32,35
10/11/2008,3,8,12,14,36,40
13/11/2008,5,12,15,20,29,36
17/11/2008,8,17,24,30,42,43
20/11/2008,18,24,28,29,31,38
24/11/2008,1,12,19,22,33,37
27/11/2008,9,17,18,25,41,45
01/12/2008,4,5,13,16,23,26
04/12/2008,2,9,34,39,42,43
08/12/2008,13,15,18,22,37,45
11/12/2008,2,4,6,28,42,43
15/12/2008,17,19,28,30,32,36
18/12/2008,1,2,6,17,18,21
22/12/2008,10,12,16,26,33,34
25/12/2008,3,4,17,28,34,41
29/12/2008,2,3,14,25,27,38
01/01/2009,3,4,12,22,27,39
05/01/2009,4,6,8,18,27,44
08/01/2009,6,21,23,28,30,34
12/01/2009,2,5,6,15,28,36
15/01/2009,5,15,18,19,33,43
19/01/2009,3,8,25,30,31,45
22/01/2009,15,20,29,33,39,43
26/01/2009,3,4,11,16,41,44
29/01/2009,3,13,16,22,31,32
02/02/2009,5,13,16,27,41,43
06/02/2009,6,14,15,28,37,43
09/02/2009,5,10,20,24,29,31
12/02/2009,2,11,17,24,30,36
16/02/2009,4,9,21,25,41,45
19/02/2009,9,14,33,34,39,44
23/02/2009,2,5,9,11,14,27
26/02/2009,6,10,13,32,33,35
02/03/2009,1,19,22,28,32,45
05/03/2009,5,6,22,33,34,45
09/03/2009,3,4,10,12,30,31
12/03/2009,4,16,22,31,36,40
16/03/2009,2,15,16,24,33,42
19/03/2009,16,26,29,31,40,44
23/03/2009,8,14,20,30,38,45
26/03/2009,14,21,23,32,36,40
30/03/2009,4,6,20,21,32,44
02/04/2009,17,20,22,31,34,45
06/04/2009,7,15,26,28,34,40
09/04/2009,20,26,34,36,37,39
13/04/2009,17,18,23,24,29,30
16/04/2009,7,16,18,31,34,42
20/04/2009,4,15,18,20,41,43
23/04/2009,4,18,27,30,32,42
27/04/2009,8,20,30,31,37,38
30/04/2009,9,15,18,29,41,43
04/05/2009,2,3,4,13,16,42
07/05/2009,5,17,29,31,42,45
11/05/2009,3,11,14,24,26,37
14/05/2009,9,12,17,28,29,30
18/05/2009,13,16,27,31,35,45
22/05/2009,12,16,23,24,30,31
25/05/2009,7,8,21,26,30,45
28/05/2009,2,4,19,21,22,31
01/06/2009,4,24,26,30,31,38
04/06/2009,3,22,24,28,29,32
08/06/2009,10,12,17,24,40,42
11/06/2009,2,16,23,35,40,42
15/06/2009,1,20,23,27,35,41
18/06/2009,21,22,23,29,34,36
22/06/2009,5,11,16,19,28,31
25/06/2009,5,18,23,34,37,40
29/06/2009,7,10,22,24,29,30
02/07/2009,1,3,5,14,15,25
06/07/2009,14,16,17,29,32,34
09/07/2009,11,13,21,32,35,44
13/07/2009,25,26,32,36,42,43
16/07/2009,10,20,30,31,39,45
20/07/2009,12,26,28,37,38,39
23/07/2009,15,24,25,32,33,44
27/07/2009,4,11,32,36,39,42
30/07/2009,1,8,12,22,24,35
03/08/2009,11,21,23,31,33,44
06/08/2009,1,6,7,8,19,31
10/08/2009,15,20,22,23,29,33
13/08/2009,1,23,37,38,39,42
17/08/2009,1,13,22,29,43,45
20/08/2009,3,10,12,13,16,29
24/08/2009,6,7,8,10,12,13
27/08/2009,6,7,9,19,32,41
31/08/2009,2,10,17,27,40,42
03/09/2009,2,6,25,30,31,33
07/09/2009,1,5,15,33,34,37
10/09/2009,2,25,29,36,37,40
14/09/2009,2,10,12,18,21,39
17/09/2009,1,8,10,29,36,38
21/09/2009,3,8,12,19,34,40
25/09/2009,2,4,22,29,31,39
28/09/2009,4,6,16,21,40,45
01/10/2009,7,10,31,33,43,45
05/10/2009,10,14,21,30,39,44
08/10/2009,11,13,18,21,30,31
12/10/2009,1,16,20,22,27,31
15/10/2009,7,22,23,36,37,45
19/10/2009,5,21,22,34,36,41
22/10/2009,13,31,34,35,40,43
26/10/2009,2,19,23,28,29,32
29/10/2009,1,6,25,28,29,32
02/11/2009,16,22,23,31,37,39
05/11/2009,5,13,23,25,27,37
09/11/2009,6,7,18,28,32,35
12/11/2009,16,20,26,29,40,41
16/11/2009,20,24,31,33,34,41
19/11/2009,10,22,33,37,44,45
23/11/2009,1,20,21,22,29,30
26/11/2009,5,11,12,17,20,30
30/11/2009,1,17,22,35,44,45
03/12/2009,1,8,10,12,13,14
07/12/2009,4,13,22,27,39,45
10/12/2009,8,10,13,21,25,45
14/12/2009,2,8,14,20,21,37
17/12/2009,3,7,11,31,34,41
21/12/2009,4,8,16,17,38,42
24/12/2009,5,9,11,26,27,29
28/12/2009,9,24,33,36,37,40
31/12/2009,7,8,35,36,39,44
04/01/2010,11,16,20,27,30,41
07/01/2010,5,6,22,34,42,45
11/01/2010,6,26,29,30,39,41
14/01/2010,3,26,31,34,36,41
18/01/2010,1,16,22,24,25,36
21/01/2010,15,17,20,38,39,44
25/01/2010,1,8,14,17,36,42
28/01/2010,6,8,11,18,21,30
01/02/2010,3,5,15,23,32,42
04/02/2010,24,28,29,32,39,44
08/02/2010,9,14,15,27,29,32
11/02/2010,1,2,14,31,42,43
15/02/2010,4,24,28,29,35,42
18/02/2010,6,9,29,30,31,37
22/02/2010,9,18,25,37,40,43
26/02/2010,4,17,22,26,34,37
01/03/2010,23,25,27,31,40,42
04/03/2010,4,14,23,27,43,45
08/03/2010,3,13,21,22,24,36
11/03/2010,6,10,11,13,15,42
15/03/2010,7,28,31,32,39,42
18/03/2010,1,4,6,30,31,32
22/03/2010,9,12,16,23,29,31
25/03/2010,10,13,24,29,33,42
29/03/2010,2,18,30,41,43,44
01/04/2010,4,5,6,18,28,30
05/04/2010,9,13,21,31,37,39
08/04/2010,5,9,14,22,24,29
12/04/2010,5,10,28,33,36,39
15/04/2010,12,13,23,26,38,43
19/04/2010,9,23,32,38,39,43
22/04/2010,9,26,30,31,35,43
26/04/2010,7,14,23,32,36,44
29/04/2010,12,20,23,30,31,41
03/05/2010,1,6,19,25,42,45
06/05/2010,4,8,33,42,44,45
10/05/2010,1,12,16,18,34,36
14/05/2010,5,12,23,37,38,43
17/05/2010,6,16,22,23,31,33
20/05/2010,8,12,27,31,36,40
24/05/2010,8,19,22,23,28,33
27/05/2010,1,5,11,12,33,38
31/05/2010,6,7,9,12,13,44
03/06/2010,18,24,26,30,32,33
07/06/2010,1,8,13,17,22,33
10/06/2010,20,31,35,40,43,44
14/06/2010,7,13,14,15,18,44
17/06/2010,13,14,15,20,38,45
21/06/2010,10,14,16,19,37,41
24/06/2010,2,4,13,22,25,39
28/06/2010,5,8,17,27,32,34
01/07/2010,14,22,25,36,43,44
05/07/2010,7,10,29,30,34,41
08/07/2010,3,6,9,23,38,39
12/07/2010,3,4,14,18,26,42
15/07/2010,10,17,20,23,25,31
19/07/2010,3,4,5,10,19,35
23/07/2010,12,14,16,23,29,40
26/07/2010,7,9,21,28,30,41
29/07/2010,6,7,11,23,42,44
02/08/2010,2,4,7,10,29,43
05/08/2010,6,10,12,22,23,40
09/08/2010,11,15,16,36,38,43
12/08/2010,5,12,23,26,29,31
16/08/2010,4,12,13,15,29,43
19/08/2010,8,19,30,31,33,43
23/08/2010,7,9,29,37,40,43
26/08/2010,3,28,32,34,43,45
30/08/2010,12,16,21,29,34,40
02/09/2010,7,12,17,18,25,27
06/09/2010,7,12,13,22,28,29
09/09/2010,2,18,21,22,32,40
13/09/2010,3,6,15,25,28,43
16/09/2010,1,3,17,24,29,45
20/09/2010,10,23,28,34,38,42
23/09/2010,1,3,11,13,19,37
27/09/2010,1,16,32,34,35,42
30/09/2010,8,16,17,25,26,43
04/10/2010,7,10,13,16,18,19
07/10/2010,9,17,22,23,35,41
11/10/2010,2,5,18,23,24,36
14/10/2010,8,14,25,31,40,41
18/10/2010,3,9,11,28,36,42
21/10/2010,7,15,17,18,25,27
25/10/2010,2,7,9,18,31,45
28/10/2010,2,13,22,32,33,38
01/11/2010,18,19,21,27,30,34
04/11/2010,6,9,11,17,41,43
08/11/2010,13,17,18,20,34,39
11/11/2010,10,20,27,34,39,45
15/11/2010,3,8,29,32,35,39
18/11/2010,3,7,10,31,36,43
22/11/2010,8,12,13,21,27,38
25/11/2010,9,11,14,23,33,35
29/11/2010,11,13,17,23,39,40
02/12/2010,4,7,24,25,35,36
06/12/2010,1,6,11,20,24,34
09/12/2010,11,26,30,32,41,43
13/12/2010,6,12,17,27,34,43
16/12/2010,6,30,35,36,41,45
20/12/2010,6,13,20,30,31,32
23/12/2010,10,11,15,21,39,44
27/12/2010,4,7,9,11,14,20
30/12/2010,6,10,15,21,22,32
03/01/2011,5,6,18,21,23,30
06/01/2011,9,12,25,30,31,34
10/01/2011,4,9,20,27,28,29
13/01/2011,6,7,23,34,36,41
17/01/2011,17,22,32,36,41,45
20/01/2011,11,14,15,23,24,28
24/01/2011,9,15,23,28,32,40
28/01/2011,5,17,18,20,24,38
31/01/2011,6,9,19,22,39,43
03/02/2011,2,4,13,24,26,39
07/02/2011,3,4,12,24,26,44
10/02/2011,6,9,18,26,37,38
14/02/2011,1,13,16,30,38,39
18/02/2011,18,20,27,34,35,41
21/02/2011,6,7,16,20,28,30
24/02/2011,7,10,13,17,36,45
28/02/2011,8,9,11,30,41,43
03/03/2011,1,6,10,31,32,45
07/03/2011,16,17,19,28,36,41
10/03/2011,8,19,22,24,39,40
14/03/2011,22,23,24,32,35,38
17/03/2011,2,5,22,29,33,36
21/03/2011,7,29,31,32,38,45
24/03/2011,7,17,23,24,26,28
28/03/2011,11,16,23,29,30,35
31/03/2011,3,9,13,14,27,34
04/04/2011,3,4,9,22,35,45
07/04/2011,16,22,23,25,28,43
11/04/2011,9,15,27,28,30,40
14/04/2011,6,10,17,29,33,44
18/04/2011,2,7,10,16,29,32
21/04/2011,24,25,32,38,39,43
25/04/2011,2,21,23,25,27,44
28/04/2011,12,13,16,21,28,39
02/05/2011,3,12,15,28,29,41
05/05/2011,10,26,29,34,35,41
09/05/2011,6,14,16,19,39,42
12/05/2011,7,19,23,26,29,31
16/05/2011,16,18,22,27,35,36
19/05/2011,6,22,23,26,27,31
23/05/2011,1,12,14,21,26,37
26/05/2011,2,5,6,14,40,44
30/05/2011,14,17,19,28,37,44
02/06/2011,1,2,3,15,31,42
06/06/2011,2,8,13,21,28,37
09/06/2011,8,9,17,28,29,31
13/06/2011,17,18,24,27,41,43
16/06/2011,10,17,29,30,40,42
20/06/2011,2,11,14,22,32,40
23/06/2011,3,4,7,17,21,39
27/06/2011,10,13,18,27,33,44
30/06/2011,4,17,30,39,43,45
04/07/2011,11,13,19,33,37,42
07/07/2011,35,36,40,41,43,44
11/07/2011,4,9,18,19,41,44
14/07/2011,9,10,17,23,29,45
18/07/2011,6,14,19,20,28,39
22/07/2011,11,12,17,25,27,32
25/07/2011,11,20,23,32,39,42
28/07/2011,4,9,16,23,33,38
01/08/2011,17,20,21,22,24,30
04/08/2011,1,13,26,34,42,45
08/08/2011,1,6,8,29,31,36
11/08/2011,1,13,22,23,24,36
15/08/2011,3,7,27,30,41,45
18/08/2011,3,7,18,26,29,30
22/08/2011,2,25,34,35,37,43
25/08/2011,1,5,7,10,22,26
29/08/2011,10,11,12,16,36,38
01/09/2011,3,13,17,28,44,45
05/09/2011,1,6,18,27,29,44
09/09/2011,2,5,14,24,28,36
12/09/2011,6,9,17,20,24,26
15/09/2011,7,8,15,23,27,36
19/09/2011,2,9,13,17,29,44
22/09/2011,2,11,21,36,37,44
26/09/2011,8,15,17,21,33,37
29/09/2011,7,11,12,16,34,41
03/10/2011,1,18,31,32,36,43
06/10/2011,1,13,19,21,23,37
10/10/2011,5,11,15,19,34,35
13/10/2011,16,20,21,28,32,36
17/10/2011,9,23,24,28,31,33
20/10/2011,5,7,21,35,38,45
24/10/2011,4,24,27,37,40,42
27/10/2011,12,18,27,28,32,42
31/10/2011,4,7,18,23,24,35
03/11/2011,8,12,24,39,40,41
07/11/2011,12,13,19,20,27,28
10/11/2011,11,18,27,30,34,44
14/11/2011,1,4,11,34,35,43
17/11/2011,12,19,23,30,36,41
21/11/2011,6,13,17,26,36,39
24/11/2011,13,20,32,41,43,44
28/11/2011,7,19,20,24,33,36
01/12/2011,5,7,27,36,38,44
05/12/2011,4,10,21,22,27,32
08/12/2011,3,5,7,17,41,45
12/12/2011,2,10,20,28,33,35
15/12/2011,4,6,15,16,20,36
19/12/2011,3,10,37,38,40,41
22/12/2011,7,9,26,33,39,40
26/12/2011,1,3,13,36,41,42
29/12/2011,13,17,21,22,24,45
02/01/2012,3,20,30,36,37,43
05/01/2012,5,7,15,24,27,33
09/01/2012,9,12,21,22,28,43
12/01/2012,4,16,18,22,23,43
16/01/2012,14,27,28,29,36,40
20/01/2012,7,18,26,41,43,44
23/01/2012,5,15,17,29,31,33
26/01/2012,4,5,15,16,34,40
30/01/2012,14,17,32,33,38,41
03/02/2012,3,19,21,27,33,34
06/02/2012,3,4,5,9,24,29
09/02/2012,8,9,12,31,44,45
13/02/2012,4,7,9,17,18,23
16/02/2012,12,13,20,21,24,35
20/02/2012,2,17,20,33,36,37
23/02/2012,12,20,25,38,43,44
27/02/2012,9,14,17,32,33,45
01/03/2012,11,12,17,23,30,31
05/03/2012,8,13,17,25,27,29
08/03/2012,5,11,38,39,41,45
12/03/2012,1,11,20,25,26,36
15/03/2012,2,8,15,21,27,35
19/03/2012,6,8,13,19,23,29
22/03/2012,7,12,21,34,39,42
26/03/2012,2,4,5,15,30,40
29/03/2012,1,19,33,36,37,40
02/04/2012,1,18,21,31,42,44
05/04/2012,12,13,17,36,43,44
09/04/2012,1,2,19,24,42,45
12/04/2012,22,31,34,36,38,39
16/04/2012,1,11,27,37,43,44
19/04/2012,9,15,18,21,26,30
23/04/2012,1,9,10,15,17,34
26/04/2012,4,9,14,26,30,43
30/04/2012,5,15,29,36,37,45
03/05/2012,2,3,9,13,14,39
07/05/2012,8,12,28,29,32,42
10/05/2012,8,9,11,20,22,38
14/05/2012,8,14,22,24,29,41
18/05/2012,9,17,18,32,33,44
21/05/2012,4,7,27,34,36,42
24/05/2012,13,22,30,31,34,38
28/05/2012,5,8,17,22,35,43
31/05/2012,7,13,15,19,38,43
04/06/2012,11,12,17,20,40,41
07/06/2012,5,8,19,20,23,30
11/06/2012,1,3,9,11,35,38
14/06/2012,16,17,25,27,28,35
18/06/2012,1,2,8,9,16,33
21/06/2012,6,8,10,14,18,21
25/06/2012,8,18,19,30,31,38
28/06/2012,12,15,16,21,25,26
02/07/2012,7,10,12,29,35,38
05/07/2012,29,33,34,37,42,44
09/07/2012,9,16,22,26,33,45
12/07/2012,2,3,19,21,23,45
16/07/2012,5,12,17,18,33,40
20/07/2012,4,31,33,37,39,45
23/07/2012,1,4,21,23,39,44
26/07/2012,1,8,22,25,32,36
30/07/2012,11,28,32,37,43,45
02/08/2012,4,8,12,15,23,27
06/08/2012,10,15,22,28,30,40
09/08/2012,1,4,6,12,25,41
13/08/2012,20,27,32,40,41,44
16/08/2012,4,11,17,22,26,32
20/08/2012,10,20,26,28,41,44
23/08/2012,6,22,24,25,31,37
27/08/2012,7,9,10,19,22,42
30/08/2012,7,30,37,42,44,45
03/09/2012,6,23,31,35,37,39
06/09/2012,4,7,9,11,21,45
10/09/2012,5,8,12,27,35,39
13/09/2012,3,14,17,22,31,44
17/09/2012,8,21,32,35,39,43
20/09/2012,13,20,22,25,33,37
24/09/2012,5,7,10,34,36,37
27/09/2012,9,11,30,38,39,43
01/10/2012,3,7,8,16,21,24
04/10/2012,6,13,30,33,38,41
08/10/2012,11,14,17,18,27,32
11/10/2012,5,6,22,25,27,33
15/10/2012,1,17,31,37,38,45
18/10/2012,2,5,22,26,34,36
22/10/2012,12,14,18,23,28,41
25/10/2012,9,17,21,28,37,40
29/10/2012,14,15,21,24,25,36
01/11/2012,10,13,15,27,34,41
05/11/2012,4,9,13,17,20,29
08/11/2012,3,7,19,38,41,43
12/11/2012,9,14,18,19,25,33
15/11/2012,13,20,21,30,40,42
19/11/2012,11,15,22,30,32,33
22/11/2012,1,3,13,22,24,42
26/11/2012,2,12,17,29,34,39
29/11/2012,4,7,9,10,23,30
03/12/2012,14,22,27,31,33,34
06/12/2012,3,6,10,13,23,27
10/12/2012,15,19,24,29,31,42
13/12/2012,8,12,15,26,33,42
17/12/2012,9,20,24,26,40,44
20/12/2012,18,22,25,26,42,44
24/12/2012,7,10,11,12,16,42
27/12/2012,17,20,22,30,36,37
31/12/2012,4,14,25,34,42,45
03/01/2013,19,30,35,42,44,45
07/01/2013,11,12,16,22,26,38
10/01/2013,4,21,26,38,41,43
14/01/2013,13,23,30,36,40,43
17/01/2013,7,10,24,26,27,31
21/01/2013,3,4,6,29,33,35
24/01/2013,11,20,24,38,39,44
28/01/2013,22,23,27,29,32,38
31/01/2013,3,5,36,37,42,43
04/02/2013,7,9,16,24,39,40
08/02/2013,8,10,11,25,27,43
11/02/2013,1,4,15,18,33,42
14/02/2013,6,25,28,31,38,44
18/02/2013,4,8,14,24,31,35
22/02/2013,16,18,23,25,29,34
25/02/2013,5,6,10,21,26,37
28/02/2013,1,10,15,34,38,41
04/03/2013,1,11,14,20,23,36
07/03/2013,16,20,22,25,26,27
11/03/2013,2,3,14,15,33,40
14/03/2013,8,9,13,16,22,43
18/03/2013,2,6,8,23,27,39
21/03/2013,3,31,35,36,38,45
25/03/2013,22,23,38,41,44,45
28/03/2013,24,30,33,35,37,38
01/04/2013,8,10,15,21,28,40
04/04/2013,16,19,22,27,36,39
08/04/2013,12,20,28,31,32,40
11/04/2013,2,3,15,27,41,45
15/04/2013,10,26,27,32,38,42
18/04/2013,1,11,13,24,26,44
22/04/2013,6,11,22,31,36,41
25/04/2013,3,12,17,27,28,43
29/04/2013,4,15,17,19,22,23
02/05/2013,1,12,20,22,31,43
06/05/2013,4,9,14,19,22,34
09/05/2013,2,12,22,24,31,34
13/05/2013,1,5,7,24,27,45
17/05/2013,8,14,22,30,34,41
20/05/2013,1,7,10,23,25,35
23/05/2013,7,13,17,19,20,26
27/05/2013,9,13,18,19,23,28
30/05/2013,4,9,26,27,37,44
03/06/2013,2,16,18,19,25,38
06/06/2013,11,14,16,30,32,34
10/06/2013,11,13,23,29,31,38
13/06/2013,7,11,25,36,37,38
17/06/2013,5,16,30,32,33,41
20/06/2013,4,5,11,26,37,45
24/06/2013,15,17,32,36,37,42
27/06/2013,12,19,21,22,26,29
01/07/2013,2,12,15,28,35,38
04/07/2013,7,23,27,35,41,43
08/07/2013,9,14,18,20,32,34
11/07/2013,9,10,14,15,18,42
15/07/2013,10,11,19,22,34,45
18/07/2013,6,25,28,43,44,45
22/07/2013,15,19,23,31,40,45
25/07/2013,1,11,25,39,41,44
29/07/2013,9,12,22,23,31,37
02/08/2013,9,26,33,36,38,42
05/08/2013,1,11,24,31,32,36
08/08/2013,18,25,27,33,42,43
12/08/2013,10,12,14,28,36,40
15/08/2013,6,7,19,26,31,33
19/08/2013,14,19,26,30,41,45
22/08/2013,15,16,30,34,38,42
26/08/2013,4,7,11,22,29,38
29/08/2013,7,8,13,14,28,44
02/09/2013,7,21,29,31,41,45
05/09/2013,8,19,20,27,41,45
09/09/2013,6,8,23,28,41,44
12/09/2013,2,5,9,17,31,44
16/09/2013,1,11,13,15,21,22
19/09/2013,3,7,9,14,19,35
23/09/2013,1,16,18,21,36,41
26/09/2013,6,14,15,27,31,32
30/09/2013,4,12,25,26,36,40
03/10/2013,2,19,21,24,25,41
07/10/2013,8,22,32,36,39,44
10/10/2013,12,13,17,25,34,44
14/10/2013,1,6,11,23,37,44
17/10/2013,12,16,28,30,31,42
21/10/2013,2,7,11,19,42,45
24/10/2013,1,16,31,38,39,45
28/10/2013,1,11,22,28,31,32
31/10/2013,2,6,10,27,31,34
04/11/2013,15,21,24,34,37,44
07/11/2013,4,16,18,24,28,29
11/11/2013,8,13,16,26,29,42
14/11/2013,1,5,9,28,30,39
18/11/2013,5,7,13,19,22,45
21/11/2013,8,9,12,18,22,32
25/11/2013,4,17,24,28,41,42
28/11/2013,15,20,21,28,35,43
02/12/2013,1,13,16,22,27,33
05/12/2013,15,20,23,40,42,44
09/12/2013,2,8,15,22,23,25
12/12/2013,3,5,23,31,34,39
16/12/2013,14,17,25,27,28,40
19/12/2013,8,11,15,27,32,43
23/12/2013,3,5,9,23,25,31
26/12/2013,2,18,20,38,43,44
30/12/2013,14,17,27,28,32,36
03/01/2014,10,11,31,37,39,43
06/01/2014,10,17,27,28,42,45
09/01/2014,4,7,8,33,36,43
13/01/2014,3,25,33,36,42,45
16/01/2014,26,27,34,39,41,45
20/01/2014,1,12,27,32,33,36
24/01/2014,2,8,11,16,36,43
27/01/2014,6,24,27,29,40,43
30/01/2014,5,12,20,32,37,38
03/02/2014,6,14,22,31,36,44
06/02/2014,5,14,22,27,40,43
10/02/2014,4,10,15,17,22,31
14/02/2014,4,6,12,20,29,35
17/02/2014,1,4,5,12,30,45
20/02/2014,14,15,20,23,33,44
24/02/2014,5,13,15,16,21,28
27/02/2014,13,33,37,40,41,44
03/03/2014,2,4,18,29,30,44
06/03/2014,4,7,8,24,29,42
10/03/2014,13,15,21,29,31,33
13/03/2014,3,7,20,36,39,45
17/03/2014,1,8,14,28,32,38
20/03/2014,3,7,11,21,25,33
24/03/2014,1,4,10,16,36,42
27/03/2014,5,8,9,15,16,21
31/03/2014,5,10,11,23,41,43
03/04/2014,10,11,17,19,27,37
07/04/2014,5,12,20,25,26,39
10/04/2014,14,18,19,34,35,36
14/04/2014,15,18,21,27,32,45
17/04/2014,8,11,16,21,33,40
21/04/2014,3,7,10,21,32,38
24/04/2014,5,8,20,27,39,40
28/04/2014,4,6,13,17,32,35
01/05/2014,6,10,11,13,29,45
05/05/2014,4,7,15,27,37,42
08/05/2014,1,11,18,32,34,41
12/05/2014,2,3,9,23,28,43
15/05/2014,5,8,21,26,27,43
19/05/2014,5,8,18,31,32,42
23/05/2014,1,7,13,24,28,38
26/05/2014,8,10,14,17,34,37
29/05/2014,17,19,38,40,41,42
02/06/2014,9,19,23,35,39,45
05/06/2014,11,13,18,19,20,36
09/06/2014,10,12,14,26,33,40
12/06/2014,8,13,29,31,39,40
16/06/2014,1,19,22,31,34,44
19/06/2014,4,7,11,27,39,43
23/06/2014,4,29,30,35,37,38
26/06/2014,17,25,29,34,39,44
30/06/2014,2,9,11,12,22,37
03/07/2014,8,24,26,28,40,43
07/07/2014,9,21,29,38,44,45
10/07/2014,5,11,16,32,37,43
14/07/2014,2,3,6,19,23,24
17/07/2014,6,11,20,28,35,38
21/07/2014,21,22,25,32,33,36
24/07/2014,1,5,16,34,38,45
28/07/2014,11,12,16,22,23,27
01/08/2014,3,17,37,40,41,42
04/08/2014,3,7,18,30,37,44
07/08/2014,3,4,8,17,19,33
11/08/2014,1,7,9,24,25,31
14/08/2014,15,16,19,32,34,44
18/08/2014,16,18,19,21,37,39
21/08/2014,3,4,16,18,19,42
25/08/2014,10,11,14,20,40,42
28/08/2014,13,19,20,24,39,43
01/09/2014,4,9,32,37,40,44
04/09/2014,15,16,17,27,31,42
08/09/2014,3,14,22,30,37,42
11/09/2014,2,13,18,19,33,36
15/09/2014,5,6,14,22,30,39
18/09/2014,2,6,10,20,21,23
22/09/2014,9,17,18,27,29,36
25/09/2014,12,15,21,26,29,36
29/09/2014,8,13,21,22,28,37
02/10/2014,1,6,26,40,41,45
06/10/2014,5,12,13,25,33,34
09/10/2014,11,12,25,28,34,47
13/10/2014,19,28,31,43,45,48
16/10/2014,4,9,31,34,40,44
20/10/2014,8,11,17,21,41,49
23/10/2014,5,22,25,28,33,34
27/10/2014,5,20,27,38,42,44
30/10/2014,12,19,26,42,45,46
03/11/2014,31,32,38,39,40,47
06/11/2014,2,22,24,38,46,47
10/11/2014,2,16,19,29,33,42
13/11/2014,9,15,17,23,27,49
17/11/2014,2,10,11,15,40,46
20/11/2014,2,3,5,19,25,36
24/11/2014,4,6,14,20,36,43
27/11/2014,5,9,18,28,44,49
01/12/2014,1,6,7,23,30,45
04/12/2014,10,17,24,31,37,40
08/12/2014,17,21,28,29,39,47
11/12/2014,19,26,33,37,38,40
15/12/2014,5,12,16,22,26,46
18/12/2014,9,11,13,21,27,30
22/12/2014,5,10,19,32,38,44
25/12/2014,1,5,15,24,25,42
29/12/2014,1,4,27,42,44,47
01/01/2015,1,4,18,31,48,49
05/01/2015,1,22,27,34,35,37
08/01/2015,5,7,9,15,34,38
12/01/2015,25,32,41,43,47,48
15/01/2015,2,3,9,16,33,37
19/01/2015,21,24,25,31,33,36
22/01/2015,5,12,26,31,40,47
26/01/2015,6,23,24,30,36,46
29/01/2015,6,15,38,40,45,49
02/02/2015,8,18,20,29,39,41
05/02/2015,8,10,25,31,45,48
09/02/2015,4,15,22,31,32,36
12/02/2015,12,13,26,32,42,47
16/02/2015,19,22,33,36,37,46
19/02/2015,2,17,22,36,37,45
23/02/2015,1,5,14,18,24,26
27/02/2015,2,13,19,28,41,42
02/03/2015,7,12,24,27,35,44
05/03/2015,5,10,11,38,44,47
09/03/2015,9,11,38,39,44,47
12/03/2015,14,15,19,20,36,47
16/03/2015,7,10,19,41,43,45
19/03/2015,3,15,26,29,38,45
23/03/2015,1,5,14,23,40,49
26/03/2015,5,21,30,33,39,47
30/03/2015,11,12,30,38,45,47
02/04/2015,11,19,22,29,42,46
06/04/2015,3,18,21,42,45,49
09/04/2015,6,12,21,24,25,43
13/04/2015,6,13,31,32,40,43
16/04/2015,3,4,18,32,35,48
20/04/2015,9,16,17,25,27,36
23/04/2015,1,9,15,28,42,45
27/04/2015,2,14,30,31,46,47
30/04/2015,18,19,28,37,46,48
04/05/2015,6,11,17,22,25,36
07/05/2015,8,10,17,24,32,43
11/05/2015,3,6,7,20,21,23
14/05/2015,8,17,19,45,47,48
18/05/2015,17,23,32,33,41,45
21/05/2015,6,20,22,35,36,41
25/05/2015,13,17,19,24,26,43
28/05/2015,5,13,20,26,31,38
01/06/2015,5,9,14,29,32,36
04/06/2015,3,6,8,14,18,41
08/06/2015,20,31,35,38,42,49
11/06/2015,7,11,13,16,38,46
15/06/2015,9,21,26,27,29,48
18/06/2015,5,20,28,35,39,46
22/06/2015,3,18,22,33,47,49
25/06/2015,14,29,36,38,39,41
29/06/2015,2,14,15,26,29,31
02/07/2015,7,12,13,21,30,32
06/07/2015,1,6,9,18,21,35
09/07/2015,5,24,33,38,42,44
13/07/2015,31,33,34,35,37,42
16/07/2015,2,10,30,32,42,48
20/07/2015,3,17,25,28,34,46
23/07/2015,4,13,18,24,34,37
27/07/2015,6,9,40,42,43,46
30/07/2015,2,10,13,21,25,49
03/08/2015,18,21,23,25,26,41
06/08/2015,11,15,20,33,38,40
10/08/2015,6,7,8,12,37,45
13/08/2015,8,10,12,34,38,48
17/08/2015,2,6,20,21,27,36
20/08/2015,3,14,19,33,38,41
24/08/2015,5,7,8,23,29,33
27/08/2015,13,16,19,23,25,48
31/08/2015,5,8,9,12,18,48
03/09/2015,1,9,10,23,24,32
07/09/2015,1,3,12,15,26,31
10/09/2015,27,33,38,39,41,47
14/09/2015,3,13,14,19,25,31
17/09/2015,5,8,20,30,35,49
21/09/2015,8,9,10,19,28,33
24/09/2015,8,16,25,29,31,40
28/09/2015,12,32,35,40,41,47
01/10/2015,3,6,15,27,36,41
05/10/2015,1,4,7,20,26,28
08/10/2015,6,8,15,20,25,45
12/10/2015,6,11,17,28,41,48
15/10/2015,7,14,23,25,28,33
19/10/2015,10,13,27,36,39,45
22/10/2015,5,16,22,29,48,49
26/10/2015,1,5,22,28,48,49
29/10/2015,7,9,18,26,36,46
02/11/2015,1,10,18,27,35,48
05/11/2015,2,26,27,28,37,47
09/11/2015,3,17,36,40,48,49
12/11/2015,8,10,11,12,33,41
16/11/2015,3,5,18,41,46,48
19/11/2015,1,14,19,37,40,47
23/11/2015,5,31,36,39,44,46
26/11/2015,2,24,34,43,44,46
30/11/2015,11,31,35,37,44,46
03/12/2015,17,20,34,37,43,48
07/12/2015,5,24,26,36,44,49
10/12/2015,4,8,11,39,44,46
14/12/2015,6,21,25,29,33,40
17/12/2015,2,12,17,19,20,33
21/12/2015,11,14,18,22,35,43
24/12/2015,10,20,21,27,33,46
28/12/2015,7,15,16,17,35,47
31/12/2015,9,21,23,35,38,41
04/01/2016,3,9,18,28,31,46
07/01/2016,3,5,6,20,21,45
11/01/2016,13,20,22,29,36,37
14/01/2016,1,2,4,7,28,41
18/01/2016,4,11,40,43,48,49
21/01/2016,2,11,23,24,33,44
25/01/2016,16,17,19,35,40,48
28/01/2016,4,20,22,40,41,48
01/02/2016,9,10,11,22,23,32
04/02/2016,2,21,26,34,39,49
08/02/2016,13,14,16,21,24,42
11/02/2016,7,8,17,39,46,49
15/02/2016,3,5,29,40,43,49
19/02/2016,16,18,20,21,27,49
22/02/2016,10,18,22,37,39,40
25/02/2016,7,14,17,23,35,49
29/02/2016,8,11,15,17,28,47
03/03/2016,6,14,24,33,38,41
07/03/2016,9,18,30,33,45,47
10/03/2016,25,29,32,33,34,49
14/03/2016,8,10,24,29,31,33
17/03/2016,2,3,20,21,30,33
21/03/2016,8,12,20,39,43,47
24/03/2016,4,9,28,35,38,44
28/03/2016,8,9,15,28,36,39
31/03/2016,20,21,22,31,39,46
04/04/2016,10,15,22,28,34,38
07/04/2016,1,7,30,32,38,46
11/04/2016,9,13,16,18,48,49
14/04/2016,3,4,19,26,28,34
18/04/2016,11,14,21,28,30,39
21/04/2016,13,14,19,32,33,48
25/04/2016,1,3,4,22,37,41
28/04/2016,3,20,26,31,34,40
02/05/2016,6,7,8,9,14,19
05/05/2016,9,20,23,46,48,49
09/05/2016,1,12,26,29,39,49
12/05/2016,1,4,23,40,46,48
16/05/2016,1,10,24,26,36,47
19/05/2016,2,17,19,23,32,49
23/05/2016,7,12,20,24,30,31
26/05/2016,7,15,19,31,32,40
30/05/2016,8,12,24,33,35,39
02/06/2016,1,15,23,25,33,42
06/06/2016,2,7,12,19,29,36
09/06/2016,12,21,27,28,35,43
13/06/2016,6,18,22,24,26,30
16/06/2016,5,11,30,36,44,46
20/06/2016,4,6,14,18,19,35
23/06/2016,1,3,5,8,20,44
27/06/2016,1,12,13,14,38,40
30/06/2016,11,12,15,16,21,32
04/07/2016,11,18,26,27,34,46
07/07/2016,4,6,13,15,21,30
11/07/2016,7,21,22,30,35,39
14/07/2016,2,11,14,16,31,44
18/07/2016,8,11,22,35,36,46
21/07/2016,2,14,18,27,31,44
25/07/2016,6,26,38,40,44,49
28/07/2016,4,6,8,15,29,36
01/08/2016,6,14,24,36,37,39
04/08/2016,1,8,29,31,37,42
08/08/2016,4,9,23,26,34,44
11/08/2016,13,22,30,32,45,46
15/08/2016,3,16,18,31,35,38
18/08/2016,2,10,11,21,26,36
22/08/2016,1,10,35,36,41,49
25/08/2016,5,6,11,25,35,40
29/08/2016,11,19,23,32,48,49
01/09/2016,3,4,12,15,28,48
05/09/2016,3,9,14,21,32,40
08/09/2016,4,6,11,13,26,31
12/09/2016,3,10,18,22,48,49
15/09/2016,2,20,21,25,27,38
19/09/2016,14,17,26,31,41,45
22/09/2016,8,11,28,34,40,46
26/09/2016,6,9,15,27,37,48
29/09/2016,1,3,4,24,34,48
03/10/2016,6,9,14,27,28,46
06/10/2016,6,13,19,25,26,39
10/10/2016,3,18,24,30,35,49
13/10/2016,16,20,31,32,40,41
17/10/2016,3,7,9,27,39,44
20/10/2016,5,14,20,23,36,49
24/10/2016,2,15,18,24,34,35
27/10/2016,3,5,8,21,40,46
31/10/2016,14,19,24,32,36,42
03/11/2016,1,11,19,26,35,39
07/11/2016,1,13,21,41,48,49
10/11/2016,17,22,26,34,41,47
14/11/2016,8,10,15,31,38,40
17/11/2016,1,21,31,36,39,43
21/11/2016,4,21,25,40,47,48
24/11/2016,2,3,17,19,22,40
28/11/2016,2,4,15,24,37,48
01/12/2016,3,4,8,19,24,46
05/12/2016,5,9,11,19,24,37
08/12/2016,6,8,11,24,37,46
12/12/2016,2,14,31,36,43,46
15/12/2016,4,18,24,39,46,47
19/12/2016,10,11,24,27,36,49
22/12/2016,3,28,37,38,44,47
26/12/2016,8,10,18,25,28,46
29/12/2016,2,4,34,36,42,46
02/01/2017,1,18,22,35,38,49
05/01/2017,7,15,20,33,39,44
09/01/2017,8,29,33,34,42,49
12/01/2017,3,6,12,25,40,43
16/01/2017,2,7,17,21,35,42
19/01/2017,5,8,16,44,48,49
23/01/2017,5,14,23,28,45,49
26/01/2017,8,12,16,19,22,46
30/01/2017,21,22,25,27,32,39
02/02/2017,11,20,21,29,37,48
06/02/2017,9,14,17,25,30,36
10/02/2017,2,7,24,27,29,34
13/02/2017,7,10,19,23,24,33
16/02/2017,8,17,31,43,44,48
20/02/2017,2,6,13,17,23,46
23/02/2017,7,8,9,28,41,42
27/02/2017,22,25,27,29,35,49
02/03/2017,8,14,20,35,36,41
06/03/2017,16,22,28,36,39,47
09/03/2017,2,6,9,17,26,46
13/03/2017,6,28,30,35,39,42
16/03/2017,2,9,15,19,20,37
20/03/2017,6,20,30,41,42,45
23/03/2017,5,13,18,25,28,44
27/03/2017,1,27,28,40,41,44
30/03/2017,28,34,38,39,42,46
03/04/2017,1,28,30,32,40,48
06/04/2017,10,12,20,27,43,46
10/04/2017,13,19,20,23,29,31
13/04/2017,7,9,16,27,32,47
17/04/2017,12,17,25,28,36,44
20/04/2017,2,12,25,28,37,38
24/04/2017,2,8,22,31,32,35
27/04/2017,4,7,15,31,32,43
01/05/2017,8,17,24,29,32,45
04/05/2017,4,13,14,36,41,43
08/05/2017,5,21,29,30,38,45
11/05/2017,8,9,12,18,27,45
15/05/2017,8,14,16,23,24,27
18/05/2017,4,23,43,44,46,48
22/05/2017,21,24,31,34,37,44
25/05/2017,3,8,11,32,44,46
29/05/2017,13,15,16,27,36,47
01/06/2017,9,15,17,22,44,46
05/06/2017,15,21,23,24,39,40
08/06/2017,5,7,22,25,34,40
12/06/2017,9,10,19,21,23,43
15/06/2017,20,21,23,37,39,47
19/06/2017,1,23,30,34,40,42
22/06/2017,4,5,12,20,47,49
26/06/2017,14,20,21,23,25,37
29/06/2017,2,9,13,16,29,40
03/07/2017,5,7,9,27,31,34
06/07/2017,2,4,7,26,40,47
10/07/2017,11,16,31,35,46,48
13/07/2017,24,30,33,34,47,49
17/07/2017,9,11,16,20,27,46
20/07/2017,8,11,35,39,41,43
24/07/2017,2,22,23,32,35,41
27/07/2017,14,20,24,33,37,41
31/07/2017,11,13,14,16,30,43
03/08/2017,14,19,22,27,32,36
07/08/2017,5,17,34,40,42,46
10/08/2017,1,31,39,45,46,49
14/08/2017,2,8,17,22,39,46
17/08/2017,11,15,29,39,41,47
21/08/2017,4,7,12,18,42,47
24/08/2017,11,17,26,30,32,39
28/08/2017,1,21,29,35,39,46
31/08/2017,3,36,39,40,44,47
04/09/2017,10,11,22,36,38,46
07/09/2017,13,19,20,21,32,49
11/09/2017,7,14,17,18,44,48
14/09/2017,12,15,29,36,40,45
18/09/2017,3,15,22,24,32,43
21/09/2017,9,14,15,28,35,37
25/09/2017,7,18,26,34,41,48
28/09/2017,11,12,26,27,29,33
02/10/2017,2,8,17,18,23,42
05/10/2017,9,19,23,36,40,44
09/10/2017,6,14,17,40,43,49
12/10/2017,6,14,17,21,22,37
16/10/2017,6,11,12,34,36,49
19/10/2017,2,4,15,20,26,28
23/10/2017,2,9,23,35,38,48
26/10/2017,3,10,25,32,36,37
30/10/2017,8,20,30,43,46,48
02/11/2017,7,17,18,30,32,47
06/11/2017,2,8,11,15,19,32
09/11/2017,22,31,33,41,44,47
13/11/2017,3,19,21,35,37,44
16/11/2017,11,13,16,27,34,48
20/11/2017,9,11,13,18,20,34
23/11/2017,11,14,41,46,47,49
27/11/2017,7,8,23,30,42,48
30/11/2017,17,22,29,36,38,47
04/12/2017,4,5,19,38,39,40
07/12/2017,9,10,25,37,45,46
11/12/2017,5,12,37,39,42,43
14/12/2017,1,9,13,33,41,48
18/12/2017,2,6,10,19,31,35
21/12/2017,1,2,26,27,35,43
25/12/2017,6,7,14,17,19,29
28/12/2017,1,3,5,16,27,40
01/01/2018,3,9,16,34,45,46
05/01/2018,3,4,13,19,23,47
08/01/2018,6,10,18,36,44,45
11/01/2018,22,24,25,40,45,49
15/01/2018,1,2,6,28,29,49
18/01/2018,2,6,12,17,26,40
22/01/2018,1,2,15,29,32,49
25/01/2018,1,15,23,25,34,47
29/01/2018,7,14,25,32,44,48
01/02/2018,4,15,20,22,29,32
05/02/2018,25,33,38,40,42,48
09/02/2018,8,15,16,23,40,49
12/02/2018,12,14,19,23,37,41
15/02/2018,16,18,30,31,36,41
19/02/2018,10,21,29,34,37,43
22/02/2018,4,12,13,15,35,46
26/02/2018,4,9,13,15,40,44
02/03/2018,24,28,31,37,40,49
05/03/2018,6,15,16,30,32,39
08/03/2018,2,10,14,24,28,40
12/03/2018,9,12,15,16,29,44
15/03/2018,9,16,23,25,34,40
19/03/2018,3,18,31,39,43,46
22/03/2018,5,6,13,21,27,47
26/03/2018,6,13,14,27,32,36
29/03/2018,11,15,17,21,27,33
02/04/2018,3,12,30,39,43,48
05/04/2018,3,5,21,30,32,40
09/04/2018,18,36,40,41,43,49
12/04/2018,1,7,15,27,32,38
16/04/2018,14,22,25,27,28,29
19/04/2018,18,22,32,35,36,44
23/04/2018,1,30,32,36,37,41
26/04/2018,5,14,17,25,28,46
30/04/2018,7,13,18,21,32,35
03/05/2018,14,23,28,30,32,48
07/05/2018,2,7,12,15,23,44
10/05/2018,4,14,35,38,45,47
14/05/2018,17,24,29,45,46,49
17/05/2018,7,21,25,29,35,37
21/05/2018,8,10,16,30,37,44
24/05/2018,11,25,26,34,36,42
28/05/2018,5,9,27,28,30,44
31/05/2018,11,13,24,26,47,49
04/06/2018,20,22,31,37,43,45
07/06/2018,12,20,29,31,37,39
11/06/2018,16,25,30,37,44,49
14/06/2018,4,29,31,35,42,48
18/06/2018,11,15,22,23,26,43
21/06/2018,4,6,15,24,30,35
25/06/2018,2,5,25,38,44,48
28/06/2018,2,7,22,27,40,47
02/07/2018,12,13,26,33,35,38
05/07/2018,8,11,28,30,32,34
09/07/2018,6,23,31,38,39,43
12/07/2018,4,15,25,32,40,41
16/07/2018,4,8,19,24,32,47
19/07/2018,13,14,23,35,37,46
23/07/2018,2,23,26,28,39,40
26/07/2018,1,9,13,17,28,40
30/07/2018,8,10,19,20,41,43
02/08/2018,1,10,15,27,41,46
06/08/2018,7,18,20,27,36,40
09/08/2018,13,16,20,23,39,42
13/08/2018,1,3,6,16,22,36
16/08/2018,22,23,25,32,33,36
20/08/2018,9,10,25,38,40,42
23/08/2018,2,3,23,30,39,41
27/08/2018,5,6,16,24,26,29
30/08/2018,3,9,27,29,31,40
03/09/2018,4,5,13,18,39,40
06/09/2018,2,15,17,20,23,30
10/09/2018,2,6,9,15,40,43
13/09/2018,6,16,17,40,44,48
17/09/2018,16,21,22,24,25,27
20/09/2018,5,12,18,30,32,38
24/09/2018,6,8,17,24,29,47
27/09/2018,2,25,29,33,42,45
01/10/2018,11,15,23,24,32,40
04/10/2018,5,12,23,32,37,42
08/10/2018,17,18,23,39,43,49
11/10/2018,1,16,18,24,29,46
15/10/2018,1,4,24,32,35,48
18/10/2018,5,14,17,31,46,48
22/10/2018,5,22,24,40,43,48
25/10/2018,7,8,13,15,35,48
29/10/2018,2,6,10,20,28,31
01/11/2018,6,27,28,41,44,48
05/11/2018,3,8,14,28,43,49
08/11/2018,8,13,16,26,28,38
12/11/2018,4,12,21,34,41,47
15/11/2018,21,25,27,36,39,44
19/11/2018,2,9,14,36,46,48
22/11/2018,11,17,20,21,27,30
26/11/2018,16,22,28,31,38,46
29/11/2018,4,11,19,25,40,44
03/12/2018,5,6,7,29,37,38
06/12/2018,5,9,16,18,23,47
10/12/2018,4,10,14,26,39,44
13/12/2018,3,11,18,23,38,47
17/12/2018,15,16,30,32,44,48
20/12/2018,7,12,15,30,33,39
24/12/2018,3,5,12,17,29,39
27/12/2018,9,19,20,30,35,46
31/12/2018,8,13,18,28,43,49
03/01/2019,12,22,26,37,40,47
07/01/2019,1,2,36,39,41,42
11/01/2019,1,2,13,18,41,47
14/01/2019,10,13,21,27,34,40
17/01/2019,5,10,22,30,42,48
21/01/2019,7,38,40,45,46,47
24/01/2019,3,4,18,32,41,44
28/01/2019,6,11,19,33,35,38
01/02/2019,5,11,16,17,22,27
04/02/2019,6,15,21,30,46,47
07/02/2019,5,7,9,11,35,49
11/02/2019,9,10,15,33,39,40
14/02/2019,2,10,12,20,24,32
18/02/2019,25,26,29,31,46,49
22/02/2019,5,8,14,16,34,39
25/02/2019,9,12,27,28,38,44
28/02/2019,20,24,27,39,43,48
04/03/2019,1,6,7,16,39,40
07/03/2019,1,2,13,29,41,43
11/03/2019,6,23,26,27,34,49
14/03/2019,2,4,17,21,25,46
18/03/2019,2,5,8,17,43,47
21/03/2019,2,5,12,13,15,31
25/03/2019,6,13,23,26,34,37
28/03/2019,2,15,20,26,29,44
01/04/2019,7,12,22,30,31,36
04/04/2019,4,17,20,21,33,39
08/04/2019,9,19,20,24,28,49
11/04/2019,5,12,13,17,29,47
15/04/2019,8,19,25,34,35,47
18/04/2019,6,15,28,33,45,47
22/04/2019,12,13,19,23,24,44
25/04/2019,1,7,14,15,32,38
29/04/2019,4,10,26,31,39,48
02/05/2019,10,15,24,35,42,47
06/05/2019,5,6,13,26,32,41
09/05/2019,5,10,11,18,26,49
13/05/2019,2,3,19,21,23,31
16/05/2019,5,7,9,15,38,45
20/05/2019,7,18,24,46,47,48
23/05/2019,12,20,22,31,32,46
27/05/2019,5,9,17,21,22,32
30/05/2019,4,12,21,30,31,44
03/06/2019,3,4,12,19,27,30
06/06/2019,21,24,28,31,32,38
10/06/2019,10,11,15,17,19,46
13/06/2019,1,3,10,14,22,39
17/06/2019,6,20,29,36,40,43
20/06/2019,8,19,25,26,29,34
24/06/2019,8,17,25,32,41,48
27/06/2019,1,4,25,36,41,47
01/07/2019,5,7,27,30,38,48
04/07/2019,7,9,21,34,36,45
08/07/2019,9,11,22,23,24,29
11/07/2019,6,12,28,43,45,47
15/07/2019,4,15,30,35,36,43
18/07/2019,14,20,25,28,31,42
22/07/2019,7,23,30,34,43,47
25/07/2019,4,5,29,30,31,33
29/07/2019,4,10,24,32,37,44
01/08/2019,3,8,22,30,31,48
05/08/2019,4,15,16,20,21,26
08/08/2019,1,4,5,22,27,34
12/08/2019,33,34,36,37,44,49
15/08/2019,3,11,27,29,40,42
19/08/2019,2,6,19,20,26,45
22/08/2019,1,14,25,28,29,38
26/08/2019,7,18,23,40,44,48
29/08/2019,6,22,33,40,45,47
02/09/2019,1,5,18,20,33,44
05/09/2019,17,18,27,42,47,48
09/09/2019,10,19,25,36,44,49
12/09/2019,7,10,30,33,44,45
16/09/2019,9,17,29,32,36,40
19/09/2019,14,22,24,31,45,47
23/09/2019,9,10,25,29,41,44
26/09/2019,9,19,30,34,35,46
30/09/2019,10,13,16,38,42,47
03/10/2019,1,12,24,45,46,48
07/10/2019,12,13,26,36,41,46
10/10/2019,4,18,26,32,34,45
14/10/2019,4,5,14,25,26,45
17/10/2019,2,35,37,42,43,47
21/10/2019,5,13,28,38,47,48
24/10/2019,14,24,25,29,43,44
28/10/2019,5,19,20,27,34,36
31/10/2019,13,30,33,36,44,47
04/11/2019,3,8,9,38,41,44
07/11/2019,5,26,28,30,34,46
11/11/2019,3,20,29,30,39,41
14/11/2019,2,9,16,21,36,49
18/11/2019,1,16,17,20,21,30
21/11/2019,1,4,16,18,30,32
25/11/2019,3,6,16,35,38,46
28/11/2019,6,30,34,45,46,48
02/12/2019,1,14,15,25,34,35
05/12/2019,2,9,14,26,30,47
09/12/2019,21,22,27,30,39,44
12/12/2019,2,22,29,33,36,45
16/12/2019,4,10,22,23,40,42
19/12/2019,19,21,27,36,40,44
23/12/2019,1,15,35,41,42,43
26/12/2019,8,16,20,24,25,36
30/12/2019,3,12,13,35,36,40
03/01/2020,13,15,21,23,30,35
06/01/2020,2,7,11,15,26,47
09/01/2020,12,24,34,38,46,47
13/01/2020,2,3,4,13,16,33
17/01/2020,1,11,24,28,45,48
20/01/2020,11,18,20,22,27,37
23/01/2020,9,14,36,38,40,47
27/01/2020,3,32,38,43,46,48
30/01/2020,7,20,29,41,47,49
03/02/2020,6,9,23,34,42,49
07/02/2020,10,15,16,21,24,49
10/02/2020,8,12,15,17,32,46
13/02/2020,5,7,19,23,44,48
17/02/2020,17,19,23,30,42,45
20/02/2020,7,19,26,31,34,40
24/02/2020,11,24,26,29,42,47
27/02/2020,10,32,35,36,46,49
02/03/2020,11,37,39,41,42,46
05/03/2020,12,14,30,37,38,40
09/03/2020,4,11,14,22,29,47
12/03/2020,1,3,18,34,36,49
16/03/2020,2,15,19,40,47,48
19/03/2020,8,19,27,33,37,47
23/03/2020,10,30,35,39,42,49
26/03/2020,7,12,13,19,42,46
30/03/2020,1,7,17,29,30,43
02/04/2020,4,11,14,23,28,47
25/06/2020,23,37,42,43,47,49
29/06/2020,3,9,17,38,39,41
02/07/2020,3,20,36,38,43,48
06/07/2020,1,22,26,38,39,48
09/07/2020,8,10,12,16,21,48
13/07/2020,6,22,34,35,37,43
16/07/2020,5,18,27,28,29,37
20/07/2020,1,20,23,24,40,42
23/07/2020,4,12,13,20,35,36
27/07/2020,4,19,25,31,34,37
30/07/2020,18,24,34,38,43,48
03/08/2020,1,3,10,15,32,40
06/08/2020,10,28,35,39,41,43
10/08/2020,9,19,20,29,36,43
13/08/2020,5,9,29,41,42,43
17/08/2020,1,2,15,30,35,46
20/08/2020,6,15,19,26,30,48
24/08/2020,1,19,24,26,37,41
27/08/2020,2,10,13,32,41,43
31/08/2020,12,15,16,23,25,46
03/09/2020,4,16,27,32,44,47
07/09/2020,9,11,19,22,36,45
10/09/2020,15,21,27,36,39,43
14/09/2020,2,11,13,15,28,45
17/09/2020,1,3,9,19,36,39
21/09/2020,13,16,17,20,27,38
24/09/2020,4,31,36,40,45,48
28/09/2020,5,16,27,34,41,42
01/10/2020,7,10,11,21,26,48
05/10/2020,7,10,14,15,39,44
08/10/2020,2,3,7,12,21,34
12/10/2020,1,10,14,40,41,48
15/10/2020,14,27,28,31,46,48
19/10/2020,9,10,11,13,20,25
22/10/2020,11,25,28,30,34,36
26/10/2020,2,8,11,19,41,49
29/10/2020,10,12,27,37,39,46
02/11/2020,3,36,37,44,48,49
05/11/2020,3,19,25,33,40,44
09/11/2020,8,12,13,30,37,46
12/11/2020,9,11,14,22,26,35
16/11/2020,1,2,20,27,36,44
19/11/2020,3,12,22,23,34,42
23/11/2020,1,7,11,22,30,45
26/11/2020,2,5,8,27,35,48
30/11/2020,2,3,25,33,35,49
03/12/2020,1,7,8,11,36,40
07/12/2020,7,13,14,33,37,48
10/12/2020,10,17,22,23,27,33
14/12/2020,6,21,29,45,47,48
17/12/2020,5,8,27,33,35,41
21/12/2020,4,8,15,31,36,39
24/12/2020,5,11,19,21,22,37
28/12/2020,32,34,40,45,46,47
01/01/2021,5,8,13,16,35,47
04/01/2021,4,5,8,12,27,42
07/01/2021,1,7,9,12,32,36
11/01/2021,3,5,8,19,26,47
14/01/2021,12,21,23,25,32,44
18/01/2021,2,12,23,33,35,37
21/01/2021,8,11,15,17,19,35
25/01/2021,8,9,12,17,33,39
28/01/2021,6,16,25,32,35,37
01/02/2021,4,6,9,18,27,39
05/02/2021,8,9,11,24,26,47
08/02/2021,9,10,25,27,34,42
11/02/2021,10,23,25,28,46,49
15/02/2021,9,13,18,20,34,40
18/02/2021,1,4,6,15,40,44
22/02/2021,3,6,8,11,36,48
26/02/2021,21,24,40,42,44,48
01/03/2021,5,6,7,13,25,37
04/03/2021,11,12,20,28,30,38
08/03/2021,8,13,17,27,33,40
11/03/2021,12,19,26,41,46,47
15/03/2021,12,15,19,28,35,43
18/03/2021,2,5,12,24,25,29
22/03/2021,2,12,20,35,37,44
25/03/2021,4,16,17,20,22,44
29/03/2021,14,15,20,23,30,35
01/04/2021,10,11,15,21,29,44
05/04/2021,9,11,15,17,25,40
08/04/2021,7,8,9,14,28,35
12/04/2021,4,23,27,43,48,49
15/04/2021,10,14,23,25,35,46
19/04/2021,8,10,16,17,20,43
22/04/2021,3,17,22,32,38,48
26/04/2021,2,15,18,36,42,49
29/04/2021,2,19,22,29,36,43
03/05/2021,15,17,18,35,41,42
06/05/2021,4,6,12,20,31,35
10/05/2021,6,18,32,33,34,45
13/05/2021,2,4,5,16,39,47
17/05/2021,5,6,11,36,41,46
20/05/2021,7,12,18,29,32,37
24/05/2021,11,18,23,31,32,33
27/05/2021,3,7,9,24,36,38
31/05/2021,14,15,18,19,30,44
03/06/2021,1,7,21,26,30,39
07/06/2021,7,14,23,31,39,41
10/06/2021,1,9,15,22,24,42
14/06/2021,5,16,23,24,28,45
17/06/2021,5,12,15,30,38,43
21/06/2021,7,8,10,14,17,28
24/06/2021,1,12,17,21,24,44
28/06/2021,14,31,32,33,38,47
01/07/2021,4,5,9,17,31,34
05/07/2021,8,14,20,28,29,36
08/07/2021,7,9,15,20,23,40
12/07/2021,18,19,23,24,38,45
15/07/2021,3,5,9,14,23,26
19/07/2021,4,10,21,33,42,44
22/07/2021,1,21,26,38,44,45
26/07/2021,3,8,30,34,39,46
29/07/2021,1,7,22,33,40,48
02/08/2021,12,16,23,26,33,44
05/08/2021,3,17,19,23,32,38
09/08/2021,15,24,33,34,36,40
12/08/2021,2,20,25,29,32,49
16/08/2021,10,21,28,31,37,38
19/08/2021,1,3,9,39,40,47
23/08/2021,5,17,26,27,31,48
26/08/2021,5,18,24,37,38,49
30/08/2021,19,23,24,27,36,37
02/09/2021,3,4,6,10,19,42
06/09/2021,1,15,31,32,33,44
09/09/2021,5,19,30,33,37,42
13/09/2021,6,25,26,41,42,44
16/09/2021,9,10,15,30,38,48
20/09/2021,3,6,10,16,33,49
23/09/2021,9,35,41,42,43,44
27/09/2021,20,28,33,38,40,44
30/09/2021,5,8,14,26,30,44
04/10/2021,10,14,28,30,35,40
07/10/2021,1,27,28,39,40,49
11/10/2021,10,26,27,36,37,43
14/10/2021,10,15,16,24,45,47
18/10/2021,5,23,24,27,44,49
21/10/2021,7,22,23,25,42,43
25/10/2021,4,18,24,40,43,47
28/10/2021,3,20,27,34,35,46
01/11/2021,7,15,22,24,26,37
04/11/2021,7,18,22,36,44,45
08/11/2021,7,8,20,31,35,41
11/11/2021,5,7,12,35,48,49
15/11/2021,23,27,31,34,43,48
18/11/2021,1,10,39,43,45,48
22/11/2021,1,3,16,20,35,41
25/11/2021,6,20,27,32,40,44
29/11/2021,1,7,12,26,28,32
02/12/2021,6,12,22,23,40,49
06/12/2021,7,16,33,37,42,43
09/12/2021,1,17,30,31,42,43
13/12/2021,5,18,19,23,40,49
16/12/2021,6,26,27,37,40,43
20/12/2021,4,5,16,18,24,34
23/12/2021,1,21,35,39,44,45
27/12/2021,3,9,13,23,24,44
30/12/2021,4,7,12,13,21,35
03/01/2022,6,12,20,33,46,47
07/01/2022,3,8,11,20,44,49
10/01/2022,8,11,17,21,30,44
13/01/2022,3,6,18,20,26,35
17/01/2022,4,13,26,31,33,35
21/01/2022,2,4,11,13,28,38
24/01/2022,1,8,10,31,32,38
27/01/2022,7,21,27,30,32,34
31/01/2022,5,6,10,22,23,40
03/02/2022,15,28,31,32,44,49
07/02/2022,1,11,17,28,32,35
11/02/2022,9,13,14,16,18,28
14/02/2022,10,23,29,33,37,43
17/02/2022,1,4,19,35,37,45
21/02/2022,1,19,22,27,37,44
24/02/2022,4,11,15,25,41,48
28/02/2022,1,9,20,27,37,49
03/03/2022,8,13,24,30,40,44
07/03/2022,19,22,24,28,29,42
10/03/2022,1,8,25,32,45,46
14/03/2022,19,37,38,45,47,49
17/03/2022,5,7,30,42,47,49
21/03/2022,1,20,22,23,24,31
24/03/2022,3,12,15,22,34,45
28/03/2022,5,9,10,12,39,44
31/03/2022,1,4,10,22,24,45
04/04/2022,14,15,28,31,40,42
07/04/2022,1,7,10,28,31,44
11/04/2022,2,12,18,27,36,49
14/04/2022,4,6,23,26,29,30
18/04/2022,12,20,33,39,42,48
21/04/2022,13,16,19,32,38,43
25/04/2022,6,16,26,32,39,47
28/04/2022,5,6,11,16,22,37
02/05/2022,12,14,23,32,35,38
05/05/2022,7,13,35,39,41,45
09/05/2022,5,12,15,21,30,39
12/05/2022,15,20,36,38,41,46
16/05/2022,21,22,40,41,42,46
19/05/2022,5,8,13,20,21,46
23/05/2022,7,10,16,21,27,35
26/05/2022,6,11,30,34,43,45
30/05/2022,8,13,19,34,37,47
02/06/2022,12,19,26,28,46,49
06/06/2022,12,28,29,34,41,47
09/06/2022,7,14,15,16,17,38
13/06/2022,3,5,12,16,30,45
16/06/2022,2,7,16,18,24,45
20/06/2022,20,25,28,33,40,49
23/06/2022,24,27,32,38,46,49
27/06/2022,21,24,27,32,34,38
30/06/2022,2,15,17,27,41,48
04/07/2022,2,3,9,27,28,38
07/07/2022,16,17,20,33,39,49
11/07/2022,1,6,13,25,34,43
14/07/2022,8,10,15,36,39,44
18/07/2022,3,20,36,41,43,47
21/07/2022,4,15,31,42,43,47
25/07/2022,2,6,29,30,31,44
28/07/2022,1,2,25,33,36,40
01/08/2022,3,10,12,29,45,47
05/08/2022,14,18,24,37,43,45
08/08/2022,2,9,33,34,37,49
11/08/2022,10,12,16,18,32,44
15/08/2022,7,22,29,34,38,41
18/08/2022,2,4,12,18,28,43
22/08/2022,5,20,23,36,42,44
25/08/2022,3,5,13,23,24,48
29/08/2022,4,8,9,15,22,31
01/09/2022,1,18,28,42,43,48
05/09/2022,4,9,13,18,34,47
08/09/2022,1,8,11,12,22,46
12/09/2022,8,15,21,22,39,43
15/09/2022,13,15,27,29,38,45
19/09/2022,1,5,14,23,40,45
22/09/2022,3,11,19,26,43,49
26/09/2022,6,19,24,34,43,46
29/09/2022,27,29,31,44,46,49
03/10/2022,7,16,20,29,33,42
06/10/2022,10,19,20,22,26,46
10/10/2022,8,10,18,26,42,47
13/10/2022,2,4,8,17,22,40
17/10/2022,1,8,16,24,38,43
20/10/2022,2,9,19,27,33,37
24/10/2022,7,11,17,21,41,43
27/10/2022,13,16,25,41,45,46
31/10/2022,4,14,17,25,29,49
03/11/2022,13,21,24,25,26,41
07/11/2022,10,14,33,37,39,45
10/11/2022,10,23,28,35,39,46
14/11/2022,8,15,22,26,34,45
17/11/2022,1,10,16,23,38,49
21/11/2022,3,9,21,30,36,46
24/11/2022,3,8,11,21,24,31
28/11/2022,7,16,17,28,37,48
01/12/2022,3,12,20,39,40,47
05/12/2022,5,6,7,25,28,35
08/12/2022,1,6,21,35,37,46
12/12/2022,3,7,22,27,44,49
15/12/2022,4,12,17,19,24,44
19/12/2022,8,14,24,26,45,46
22/12/2022,4,11,13,16,32,46
26/12/2022,3,10,31,32,44,47
29/12/2022,12,18,25,28,30,36
02/01/2023,1,13,15,32,41,47
06/01/2023,12,22,30,32,42,49
09/01/2023,1,3,13,15,22,43
12/01/2023,2,6,8,28,31,37
16/01/2023,15,22,23,36,40,42
20/01/2023,15,29,35,47,48,49
23/01/2023,22,30,31,39,43,49
26/01/2023,2,21,34,40,43,45
30/01/2023,13,23,25,26,44,45
03/02/2023,4,6,21,25,34,40
06/02/2023,6,10,15,19,20,30
09/02/2023,18,20,27,37,43,47
13/02/2023,5,12,23,28,31,39
16/02/2023,3,10,16,24,42,46
20/02/2023,4,9,21,22,25,41
23/02/2023,2,5,19,24,34,44
27/02/2023,6,26,32,39,44,48
02/03/2023,15,22,24,26,29,36
06/03/2023,21,30,35,36,37,45
09/03/2023,1,10,30,31,38,45
13/03/2023,1,3,15,18,23,48
16/03/2023,4,14,30,33,37,42
20/03/2023,7,8,15,27,34,38
23/03/2023,14,21,26,29,37,40
27/03/2023,1,4,17,28,43,45
30/03/2023,12,26,34,39,41,49
03/04/2023,13,27,28,42,44,45
06/04/2023,6,7,31,42,46,47
10/04/2023,8,10,12,25,32,38
13/04/2023,11,21,30,31,33,38
17/04/2023,9,11,17,22,31,43
20/04/2023,11,14,21,30,37,40
24/04/2023,5,6,25,32,36,49
27/04/2023,4,9,30,32,40,49
01/05/2023,22,26,29,30,48,49
04/05/2023,16,21,25,28,37,44
08/05/2023,1,3,6,11,23,34
11/05/2023,1,11,26,38,41,44
15/05/2023,7,33,36,40,41,42
18/05/2023,7,13,18,19,25,29
22/05/2023,1,4,7,8,34,44
25/05/2023,4,15,17,35,42,48
29/05/2023,5,13,30,34,36,48
01/06/2023,7,15,33,40,45,49
05/06/2023,5,16,26,28,32,34
08/06/2023,6,21,31,32,35,48
12/06/2023,2,22,28,33,34,36
15/06/2023,6,15,17,42,46,49
19/06/2023,2,25,28,30,32,46
22/06/2023,3,9,28,32,37,46
26/06/2023,4,5,17,28,39,44
29/06/2023,5,15,16,30,37,46
03/07/2023,14,30,34,40,45,49
06/07/2023,13,16,28,34,38,40
10/07/2023,2,8,30,33,39,41
13/07/2023,4,12,14,20,21,22
17/07/2023,18,25,27,32,35,39
20/07/2023,10,20,26,39,44,46
24/07/2023,1,5,18,20,38,44
27/07/2023,8,10,21,27,34,36
31/07/2023,2,23,29,35,39,45
04/08/2023,19,25,27,28,29,48
07/08/2023,5,15,18,31,41,49
10/08/2023,3,6,16,29,37,45
14/08/2023,5,22,31,32,41,49
17/08/2023,4,8,32,33,45,47
21/08/2023,1,18,21,28,31,41
24/08/2023,1,13,26,34,37,41
28/08/2023,1,3,7,12,15,32
31/08/2023,14,29,31,39,40,48
04/09/2023,1,4,12,33,45,48
07/09/2023,17,19,24,26,31,46
11/09/2023,1,20,21,27,38,48
14/09/2023,14,18,24,26,37,45
18/09/2023,4,7,27,32,37,49
21/09/2023,2,8,28,31,48,49
25/09/2023,3,14,19,23,28,43
28/09/2023,3,13,23,28,37,38
02/10/2023,2,10,12,13,45,48
05/10/2023,4,7,9,38,41,42
09/10/2023,1,5,9,25,44,49
12/10/2023,14,15,26,35,44,46
16/10/2023,21,27,30,38,40,44
19/10/2023,1,7,16,20,35,41
23/10/2023,2,3,13,15,34,37
26/10/2023,1,6,17,19,34,45
30/10/2023,12,24,26,32,34,38
02/11/2023,3,12,22,29,35,42
06/11/2023,11,20,22,28,32,37
09/11/2023,2,3,11,17,35,40
13/11/2023,6,10,16,24,27,43
16/11/2023,10,13,15,28,29,37
20/11/2023,12,13,18,22,25,28
23/11/2023,2,24,30,37,43,45
27/11/2023,16,19,20,26,33,40
30/11/2023,3,32,34,38,41,42
04/12/2023,6,18,26,31,37,38
07/12/2023,10,16,25,29,42,44
11/12/2023,9,12,21,22,44,47
14/12/2023,22,32,34,39,40,42
18/12/2023,12,15,16,23,24,38
21/12/2023,7,8,24,25,29,40
25/12/2023,11,12,19,23,25,41
28/12/2023,13,17,18,24,37,41
01/01/2024,8,16,23,24,36,48
05/01/2024,7,12,17,20,31,35
08/01/2024,11,20,28,30,36,38
11/01/2024,2,9,10,43,45,46
15/01/2024,24,25,26,28,30,35
18/01/2024,5,28,30,37,38,41
22/01/2024,1,3,8,13,40,48
25/01/2024,10,18,44,45,48,49
29/01/2024,20,22,24,28,40,49
02/02/2024,2,27,29,36,44,48
05/02/2024,14,17,20,25,28,37
08/02/2024,6,16,21,27,31,37
12/02/2024,9,16,20,25,31,39
15/02/2024,15,18,22,35,41,48
19/02/2024,1,10,21,29,35,42
23/02/2024,18,21,26,35,38,43
26/02/2024,2,8,14,27,39,42
29/02/2024,1,14,28,44,45,49
04/03/2024,13,17,25,27,28,44
07/03/2024,5,11,15,20,31,47
11/03/2024,5,9,30,37,40,49
14/03/2024,8,26,34,35,45,46
18/03/2024,1,4,6,15,30,48
21/03/2024,6,8,18,19,33,44
25/03/2024,4,23,25,27,28,32
28/03/2024,6,8,13,17,26,37
01/04/2024,3,12,18,19,27,41
04/04/2024,3,4,13,31,36,43
08/04/2024,12,23,24,34,43,46
11/04/2024,22,28,33,40,43,47
15/04/2024,5,10,28,36,41,42
18/04/2024,18,22,29,32,37,47
22/04/2024,6,8,11,16,33,37
25/04/2024,5,9,11,18,28,36
29/04/2024,2,7,12,31,36,45
02/05/2024,4,5,31,37,43,46
06/05/2024,1,5,9,31,33,37
09/05/2024,9,15,20,26,43,49
13/05/2024,2,16,17,22,24,49
16/05/2024,2,12,15,28,35,48
20/05/2024,7,10,32,33,39,48
23/05/2024,3,4,22,27,39,43
27/05/2024,14,23,28,34,41,48
30/05/2024,6,9,11,17,28,45
03/06/2024,1,28,30,32,33,39
06/06/2024,4,5,10,14,35,43
10/06/2024,1,10,13,23,31,34
13/06/2024,4,7,10,17,30,41
17/06/2024,8,10,12,16,17,30
20/06/2024,3,12,14,16,17,30
24/06/2024,20,23,28,30,34,49
27/06/2024,1,8,11,14,17,30
01/07/2024,11,19,21,26,28,33
04/07/2024,4,9,12,15,31,44
08/07/2024,15,18,29,34,38,44
11/07/2024,15,17,22,32,34,40
15/07/2024,4,6,17,32,37,41
18/07/2024,8,10,11,12,14,20
22/07/2024,4,9,12,15,37,47
25/07/2024,14,21,34,35,43,49
29/07/2024,19,24,29,30,31,46
02/08/2024,14,16,22,23,36,42
05/08/2024,1,12,15,30,42,43
08/08/2024,23,26,32,36,41,49
12/08/2024,2,8,27,33,34,43
15/08/2024,15,24,35,36,42,46
19/08/2024,2,3,16,26,29,41
22/08/2024,2,5,8,43,45,48
26/08/2024,6,8,18,34,35,37
29/08/2024,3,9,10,12,27,41
02/09/2024,6,7,13,30,37,39
05/09/2024,1,13,27,38,40,43
09/09/2024,1,4,10,16,18,29
12/09/2024,5,6,14,36,45,49
16/09/2024,2,8,15,19,33,38
19/09/2024,7,13,17,22,31,37
23/09/2024,9,20,22,32,37,47
26/09/2024,17,23,26,31,38,40
30/09/2024,4,33,34,38,40,43
03/10/2024,2,9,15,17,40,48
07/10/2024,16,22,23,31,41,49
10/10/2024,1,17,24,25,27,39
14/10/2024,12,33,39,42,43,48
17/10/2024,2,4,10,25,36,38
21/10/2024,4,13,19,44,46,49
24/10/2024,20,24,28,37,46,47
28/10/2024,10,16,33,37,45,47
31/10/2024,2,6,10,17,18,49
04/11/2024,14,18,25,28,29,44
07/11/2024,4,12,17,18,23,34
11/11/2024,13,28,39,43,46,48
14/11/2024,12,16,29,36,39,40
18/11/2024,1,2,14,36,44,46
21/11/2024,4,7,11,14,21,28
25/11/2024,26,28,31,38,41,42
28/11/2024,1,2,4,15,18,24
02/12/2024,10,11,12,21,41,49
05/12/2024,8,14,15,20,31,49
09/12/2024,1,4,8,10,16,46
12/12/2024,17,18,19,31,32,33
16/12/2024,13,19,22,26,40,49
19/12/2024,3,9,10,20,23,32
23/12/2024,34,40,42,44,45,46
26/12/2024,8,21,30,35,44,49
30/12/2024,3,10,13,29,32,46
03/01/2025,9,11,24,29,39,46
06/01/2025,6,10,13,27,41,49
09/01/2025,13,32,34,36,38,40
13/01/2025,3,7,11,13,34,35
16/01/2025,6,13,18,27,35,46
20/01/2025,3,5,6,16,32,49
24/01/2025,9,10,18,35,43,49
27/01/2025,7,16,22,26,33,43
30/01/2025,2,9,13,24,26,43
03/02/2025,1,12,29,31,41,48
07/02/2025,16,18,22,23,28,35
10/02/2025,1,3,7,18,34,39
13/02/2025,5,8,13,28,30,49
17/02/2025,1,16,23,39,41,42
20/02/2025,3,25,31,37,39,42
24/02/2025,24,37,38,42,48,49
27/02/2025,2,10,13,15,37,40
03/03/2025,4,16,24,25,43,49
06/03/2025,19,33,35,38,46,49
10/03/2025,5,7,32,38,42,47
13/03/2025,16,26,34,36,42,49
17/03/2025,7,30,39,42,43,48
20/03/2025,9,10,11,13,23,42
24/03/2025,18,19,25,28,31,44
27/03/2025,21,22,27,35,40,42
31/03/2025,9,12,17,23,29,46
03/04/2025,12,14,15,16,21,40
07/04/2025,7,19,35,40,43,47
10/04/2025,14,26,27,30,46,48
14/04/2025,6,14,29,30,35,42
17/04/2025,15,17,26,31,40,46
21/04/2025,1,17,30,37,41,43
24/04/2025,17,19,21,23,30,40
28/04/2025,3,8,12,18,24,41
01/05/2025,2,8,12,30,35,49
05/05/2025,5,8,28,38,40,43
08/05/2025,9,13,17,39,46,47
12/05/2025,6,16,20,23,40,48
15/05/2025,9,16,17,20,34,38
19/05/2025,2,15,17,18,39,45
22/05/2025,3,10,32,34,44,48
26/05/2025,5,9,15,28,46,48
29/05/2025,1,5,7,11,19,47
02/06/2025,10,19,21,22,28,31
05/06/2025,2,5,25,26,29,30
09/06/2025,7,10,11,21,32,48
12/06/2025,3,7,38,41,44,49
16/06/2025,5,18,27,32,48,49
19/06/2025,1,10,37,40,45,47
23/06/2025,2,15,29,37,45,49
26/06/2025,10,26,28,35,37,46
30/06/2025,11,27,31,33,34,36
03/07/2025,6,15,16,17,25,34
07/07/2025,10,15,17,33,36,45
10/07/2025,12,21,26,27,35,44
14/07/2025,2,8,19,29,38,41
17/07/2025,7,8,17,29,32,42
21/07/2025,2,5,10,12,14,37
24/07/2025,9,11,24,32,39,49
28/07/2025,2,14,16,21,36,47
31/07/2025,7,19,20,21,22,29
04/08/2025,30,32,40,43,45,49
08/08/2025,2,15,28,39,42,44
11/08/2025,9,24,31,34,43,44
14/08/2025,22,25,29,31,34,43
18/08/2025,1,4,18,24,37,42
21/08/2025,4,13,22,36,38,46
25/08/2025,2,3,4,16,22,39
28/08/2025,10,11,16,24,34,35
01/09/2025,3,4,8,13,14,17
04/09/2025,8,12,21,38,40,43
08/09/2025,1,3,33,38,39,42
11/09/2025,2,15,19,35,41,48
15/09/2025,10,19,25,29,33,37
18/09/2025,6,8,9,20,45,49
22/09/2025,8,15,22,24,43,47
25/09/2025,1,6,9,11,29,36
29/09/2025,15,16,22,34,35,43
02/10/2025,19,22,26,37,40,46
06/10/2025,10,15,22,31,42,48
09/10/2025,13,14,19,22,31,42
13/10/2025,5,31,33,34,38,46
16/10/2025,2,4,8,19,35,39
20/10/2025,3,10,13,15,32,37
23/10/2025,7,14,17,18,31,38
27/10/2025,4,12,14,24,36,38
30/10/2025,1,5,31,34,38,45
03/11/2025,10,19,22,34,39,43
06/11/2025,3,20,24,29,32,44
10/11/2025,2,11,12,19,25,36
13/11/2025,6,13,18,22,34,35
17/11/2025,3,9,12,18,19,34
20/11/2025,11,13,22,31,47,49
24/11/2025,8,25,27,34,45,47
27/11/2025,6,8,17,28,32,46
01/12/2025,2,10,24,35,45,49
04/12/2025,1,5,24,36,41,46
08/12/2025,9,12,15,23,27,47
11/12/2025,6,11,20,28,33,43
15/12/2025,17,21,22,35,37,42
18/12/2025,2,14,15,30,31,43
22/12/2025,4,5,13,22,24,30
25/12/2025,3,8,15,28,37,43
29/12/2025,2,4,22,24,30,33
02/01/2026,11,18,20,32,38,39
05/01/2026,5,20,35,39,40,49
08/01/2026,3,14,15,17,25,27
12/01/2026,1,9,16,18,35,43
15/01/2026,16,32,34,35,36,41
19/01/2026,4,11,21,23,31,35
22/01/2026,6,22,27,32,37,44
26/01/2026,10,11,13,26,32,39
29/01/2026,11,13,16,31,42,48
02/02/2026,4,19,40,41,46,47
05/02/2026,6,18,24,26,36,48
09/02/2026,10,15,29,31,33,49
13/02/2026,10,15,25,43,45,49
16/02/2026,13,24,28,34,37,44
19/02/2026,8,16,17,34,38,48
23/02/2026,24,26,30,32,37,47
27/02/2026,5,9,20,23,45,46
02/03/2026,6,8,28,37,41,49
05/03/2026,1,5,12,15,22,42
09/03/2026,7,13,14,17,40,44
12/03/2026,12,25,33,40,43,46
16/03/2026,6,14,18,22,35,36
19/03/2026,3,27,34,35,38,49
23/03/2026,4,25,28,33,43,48
26/03/2026,4,7,22,29,33,46
30/03/2026,4,12,26,30,46,47
02/04/2026,1,7,8,23,30,33
06/04/2026,14,23,29,30,39,48
09/04/2026,1,2,6,9,44,48
13/04/2026,4,8,10,15,16,26
16/04/2026,1,3,6,12,21,41
20/04/2026,3,5,9,23,43,49
23/04/2026,3,5,15,23,37,42
27/04/2026,3,11,13,22,28,48
30/04/2026,2,6,7,31,35,39
04/05/2026,7,18,19,30,36,48
07/05/2026,2,3,8,16,20,47
11/05/2026,6,10,25,26,34,40
14/05/2026,4,8,21,25,43,46
18/05/2026,7,18,32,37,41,44
21/05/2026,11,18,25,36,39,49
25/05/2026,11,12,24,33,38,46
28/05/2026,10,13,30,35,38,44
01/06/2026,2,19,26,29,33,36
04/06/2026,3,5,20,23,26,27
08/06/2026,10,15,28,39,40,46
11/06/2026,14,16,21,22,35,38
15/06/2026,9,16,27,28,32,49
18/06/2026,2,7,11,19,20,42
22/06/2026,4,11,15,16,21,39
25/06/2026,4,21,23,28,31,39
29/06/2026,6,11,22,23,31,34
02/07/2026,5,7,11,37,46,49
06/07/2026,8,25,34,37,39,46
09/07/2026,23,27,31,38,42,47
13/07/2026,14,22,32,33,36,46
16/07/2026,6,27,28,41,43,44
20/07/2026,1,8,11,14,33,43
23/07/2026,8,11,17,21,37,48
27/07/2026,22,23,30,36,44,48
30/07/2026,4,7,16,23,30,32
03/08/2026,9,29,30,35,36,40
07/08/2026,5,7,30,33,36,46
10/08/2026,3,6,17,32,33,39
13/08/2026,4,11,22,32,40,49
17/08/2026,9,16,22,24,33,47
20/08/2026,3,18,19,25,27,48
24/08/2026,13,22,26,38,39,44
27/08/2026,8,9,14,17,35,40
31/08/2026,7,26,33,39,41,46
03/09/2026,29,33,39,42,43,44
07/09/2026,4,7,13,23,27,32
10/09/2026,6,16,26,30,39,42
14/09/2026,6,7,8,16,18,35
17/09/2026,17,19,23,35,36,39
21/09/2026,12,29,39,42,43,48,26
21/09/2026,12,29,39,42,43,48
24/09/2026,7,12,20,25,44,47,
