Date,Num1,Num2,Num3,Num4,Num5,Num6,DreamNum,Jackpot
06/11/2023,10,13,14,25,30,35,5
09/11/2023,14,16,19,31,32,37,2
13/11/2023,1,6,25,26,33,39,2
16/11/2023,5,11,13,18,25,27,5
20/11/2023,6,13,18,25,26,32,3
23/11/2023,4,15,22,23,28,35,4
27/11/2023,2,18,23,29,33,35,4
30/11/2023,2,14,15,27,36,37,5
04/12/2023,8,12,24,29,30,32,5
07/12/2023,1,3,5,10,32,38,5
11/12/2023,11,18,21,28,30,32,1
14/12/2023,3,8,9,22,27,33,1
18/12/2023,2,16,21,33,35,40,5
21/12/2023,3,15,17,23,26,29,4
25/12/2023,3,12,13,17,21,22,1
28/12/2023,5,11,15,21,24,39,5
01/01/2024,2,5,18,24,28,39,4
04/01/2024,15,21,22,29,30,39,1
08/01/2024,13,19,25,26,33,40,1
11/01/2024,5,7,24,29,31,38,2
15/01/2024,2,6,19,23,33,35,5
18/01/2024,8,16,19,23,30,40,5
22/01/2024,8,16,25,29,31,34,2
25/01/2024,1,2,3,22,26,27,1
29/01/2024,2,8,25,27,29,38,3
01/02/2024,6,12,15,28,33,35,3
05/02/2024,5,9,20,21,25,40,4
08/02/2024,2,19,22,26,36,40,4
12/02/2024,3,4,6,9,10,16,1
15/02/2024,3,5,8,14,16,21,1
19/02/2024,7,20,25,37,38,40,4
22/02/2024,2,8,10,20,24,39,4
26/02/2024,2,15,19,23,37,40,2
29/02/2024,10,11,21,31,38,40,1
04/03/2024,1,10,23,25,29,35,1
07/03/2024,13,15,23,31,35,39,1
11/03/2024,2,7,14,22,37,39,1
14/03/2024,3,12,13,20,27,35,2
18/03/2024,6,8,18,19,24,39,3
21/03/2024,3,8,27,30,33,37,2
25/03/2024,3,12,15,20,25,27,3
28/03/2024,1,7,9,13,18,37,3
01/04/2024,3,10,15,18,26,38,4
04/04/2024,9,10,12,14,20,31,5
08/04/2024,3,13,24,28,36,39,4
11/04/2024,17,19,22,30,35,37,1
15/04/2024,2,13,17,26,33,37,5
18/04/2024,4,13,16,18,28,30,2
22/04/2024,6,23,24,31,32,39,1
25/04/2024,2,16,19,23,24,25,1
29/04/2024,1,17,23,29,36,40,3
02/05/2024,4,10,16,17,26,30,1
06/05/2024,7,17,26,27,32,39,3
09/05/2024,6,7,13,14,24,33,1
13/05/2024,9,20,23,24,37,39,1
16/05/2024,8,9,14,18,23,24,3
20/05/2024,3,14,15,21,23,29,4
23/05/2024,7,8,13,14,23,31,1
27/05/2024,2,7,14,15,23,24,3
30/05/2024,4,10,11,17,24,39,5
03/06/2024,1,3,11,22,34,38,4
06/06/2024,12,15,24,28,29,31,1
10/06/2024,4,7,27,31,33,40,3
13/06/2024,17,19,21,22,23,27,1
17/06/2024,14,16,19,22,23,32,4
20/06/2024,1,2,7,13,19,21,5
24/06/2024,5,13,16,20,23,30,5
27/06/2024,9,13,15,18,27,37,2
01/07/2024,4,8,11,12,20,38,2
04/07/2024,4,8,22,23,27,33,3
08/07/2024,3,13,21,26,36,40,3
11/07/2024,5,19,20,24,28,30,4
15/07/2024,15,19,21,23,28,40,3
18/07/2024,8,22,28,31,38,40,1
22/07/2024,3,12,18,19,21,24,4
25/07/2024,3,16,18,27,30,37,4
29/07/2024,1,5,9,19,22,25,3
01/08/2024,1,6,23,27,33,34,5
05/08/2024,3,10,13,16,31,38,5
08/08/2024,2,8,9,17,21,22,2
12/08/2024,10,13,19,22,25,28,2
15/08/2024,6,14,20,34,38,40,3
19/08/2024,6,11,14,17,28,33,5
22/08/2024,1,11,16,26,28,40,5
26/08/2024,5,6,8,12,30,32,5
29/08/2024,3,4,14,22,24,36,4
02/09/2024,3,20,24,27,33,36,3
05/09/2024,8,19,24,31,32,40,2
09/09/2024,3,6,9,18,22,27,3
12/09/2024,16,27,31,34,38,39,1
16/09/2024,12,18,21,28,31,32,1
19/09/2024,1,3,25,27,30,35,3
23/09/2024,9,11,13,31,32,34,5
26/09/2024,9,19,21,31,32,39,2
30/09/2024,5,14,15,21,24,28,3
03/10/2024,3,6,14,24,38,40,5
07/10/2024,4,14,24,28,34,40,4
10/10/2024,8,9,15,27,30,34,3
14/10/2024,3,10,12,17,31,37,3
17/10/2024,6,15,22,26,33,37,1
21/10/2024,7,9,14,31,36,38,4
24/10/2024,3,6,7,20,26,34,5
28/10/2024,7,8,13,15,27,33,5
31/10/2024,1,6,8,9,29,30,4
04/11/2024,16,18,30,33,34,37,1
07/11/2024,4,15,17,21,25,34,1
11/11/2024,5,7,24,26,29,35,1
14/11/2024,18,19,20,22,34,37,2
18/11/2024,8,13,21,22,28,33,4
21/11/2024,12,14,15,21,36,39,5
25/11/2024,1,7,10,11,23,26,1
28/11/2024,4,5,12,28,32,37,1
02/12/2024,1,7,14,19,25,36,2
05/12/2024,3,4,7,21,30,34,2
09/12/2024,10,16,17,23,26,35,3
12/12/2024,3,5,21,24,27,30,1
16/12/2024,7,15,23,24,30,34,2
19/12/2024,3,6,7,10,16,32,3
23/12/2024,2,9,13,16,30,37,5
26/12/2024,2,7,11,21,34,38,4
30/12/2024,8,15,21,24,31,40,3
02/01/2025,4,10,16,18,33,39,2
06/01/2025,4,17,18,23,34,37,5
09/01/2025,5,19,22,28,38,40,3
13/01/2025,10,12,18,19,34,40,2
16/01/2025,2,5,11,14,22,38,4
20/01/2025,2,4,7,16,18,36,3
23/01/2025,7,12,20,24,25,37,2
27/01/2025,1,5,18,23,26,30,4
30/01/2025,9,20,28,35,38,40,1
03/02/2025,9,11,17,21,38,40,2
06/02/2025,2,5,20,23,27,34,4
10/02/2025,9,11,26,29,36,38,5
13/02/2025,5,7,16,35,37,39,5
17/02/2025,10,11,22,33,36,37,5
20/02/2025,4,8,9,18,24,36,3
24/02/2025,15,16,19,28,32,37,1
27/02/2025,16,27,30,32,34,35,1
03/03/2025,3,10,12,29,30,36,1
06/03/2025,1,2,8,16,18,25,2
10/03/2025,1,15,21,24,26,28,3
13/03/2025,13,16,18,24,29,30,5
17/03/2025,17,19,20,23,35,37,3
20/03/2025,16,23,25,37,38,40,5
24/03/2025,3,11,26,27,28,37,1
27/03/2025,9,11,23,29,37,39,1
31/03/2025,2,21,27,35,38,40,4
03/04/2025,7,13,16,22,32,33,5
07/04/2025,4,9,21,23,24,34,4
10/04/2025,7,14,22,33,34,39,5
14/04/2025,4,11,15,21,30,36,3
17/04/2025,2,10,14,23,30,32,2
21/04/2025,4,27,33,34,38,39,2
24/04/2025,3,4,19,23,33,36,1
28/04/2025,12,20,25,28,30,38,1
01/05/2025,5,12,19,23,33,38,3
05/05/2025,10,19,23,25,32,39,1
08/05/2025,1,8,17,35,38,39,2
12/05/2025,4,15,19,21,25,37,2
15/05/2025,11,15,24,26,32,37,2
19/05/2025,8,15,26,32,35,38,2
22/05/2025,1,5,15,26,31,36,4
26/05/2025,2,17,18,21,25,35,2
29/05/2025,16,18,19,21,22,32,5
02/06/2025,8,11,15,18,29,32,5
05/06/2025,10,17,19,28,31,32,3
09/06/2025,2,3,6,8,23,28,2
12/06/2025,6,12,25,27,29,35,2
16/06/2025,6,17,23,29,30,35,3
19/06/2025,2,8,9,24,25,28,1
23/06/2025,8,19,22,28,32,37,2
26/06/2025,4,7,19,22,24,35,5
30/06/2025,1,7,22,31,37,39,5
03/07/2025,3,4,16,30,35,40,4
07/07/2025,8,14,17,24,26,29,3
10/07/2025,2,3,4,8,11,29,2
14/07/2025,6,12,20,21,33,37,4
17/07/2025,4,10,12,26,28,29,4
21/07/2025,3,4,8,11,26,31,1
24/07/2025,1,2,5,6,15,38,1
28/07/2025,4,19,25,26,38,40,3
31/07/2025,4,15,19,23,34,37,5
04/08/2025,2,8,13,14,15,17,5
07/08/2025,3,14,23,28,33,34,1
11/08/2025,10,11,15,20,27,38,3
14/08/2025,14,15,21,22,32,38,1
18/08/2025,1,31,33,35,36,40,4
21/08/2025,4,16,17,25,29,39,3
25/08/2025,5,6,19,32,35,37,1
28/08/2025,6,7,11,15,16,35,5
01/09/2025,6,22,30,31,32,33,4
04/09/2025,10,14,21,22,37,40,4
08/09/2025,1,3,5,11,20,31,5
11/09/2025,1,9,15,17,19,37,2
15/09/2025,4,7,15,21,33,35,1
18/09/2025,11,17,26,32,36,37,1
22/09/2025,2,5,9,22,26,38,5
25/09/2025,5,9,11,14,28,30,2
29/09/2025,9,10,25,33,35,40,2
02/10/2025,4,7,18,19,22,29,1
06/10/2025,18,26,30,31,36,40,4
09/10/2025,1,3,4,8,20,30,3
13/10/2025,1,5,12,20,22,25,1
16/10/2025,1,4,6,10,34,38,5
20/10/2025,8,18,21,25,32,33,1
23/10/2025,8,17,20,21,24,31,5
27/10/2025,18,19,21,23,30,35,1
30/10/2025,9,14,18,22,33,39,2
03/11/2025,2,10,12,20,21,26,2
06/11/2025,11,13,15,31,33,34,3
10/11/2025,1,8,10,19,21,37,2
13/11/2025,7,15,18,19,24,32,2
17/11/2025,4,8,13,18,28,38,4
20/11/2025,7,17,20,28,30,31,4
24/11/2025,6,13,17,22,25,36,4
27/11/2025,10,11,20,30,32,33,4
01/12/2025,12,15,19,23,33,38,3
04/12/2025,14,15,27,32,37,38,3
08/12/2025,3,8,12,18,19,27,3
11/12/2025,4,6,21,23,32,37,1
15/12/2025,8,22,23,31,39,40,4
18/12/2025,10,12,19,21,25,27,1
22/12/2025,4,11,24,27,34,35,5
25/12/2025,8,9,11,13,37,39,4
29/12/2025,5,8,16,19,24,39,2
01/01/2026,2,6,14,20,24,27,2
05/01/2026,11,20,21,28,34,38,4
08/01/2026,5,15,24,26,31,34,1
12/01/2026,9,15,18,23,27,31,1
15/01/2026,1,5,9,10,30,35,2
19/01/2026,8,9,20,24,32,40,1
22/01/2026,4,7,10,17,25,39,3
26/01/2026,15,23,28,33,34,37,3
29/01/2026,1,7,8,26,28,34,5
02/02/2026,2,7,23,24,32,37,3
05/02/2026,3,10,20,21,37,38,3
09/02/2026,9,11,19,22,33,36,3
12/02/2026,17,27,30,33,34,36,3
16/02/2026,6,10,13,24,26,38,3
19/02/2026,8,10,13,36,37,38,4
23/02/2026,1,7,12,25,26,39,1
26/02/2026,17,18,19,21,23,36,4
02/03/2026,1,8,11,14,18,35,3
05/03/2026,6,18,22,32,37,38,4
09/03/2026,5,14,32,34,35,37,3
12/03/2026,2,9,20,23,35,36,4
16/03/2026,2,5,24,29,32,39,3
19/03/2026,5,8,15,28,33,34,3
23/03/2026,1,4,6,13,16,28,5
26/03/2026,11,14,30,32,34,39,5
30/03/2026,3,17,20,23,30,39,3
02/04/2026,3,4,13,21,30,37,4
06/04/2026,1,2,8,14,28,33,3
09/04/2026,3,7,8,19,24,29,5
13/04/2026,3,17,19,28,33,40,5
16/04/2026,23,24,28,29,31,40,3
20/04/2026,5,7,15,24,26,31,4
23/04/2026,3,7,19,22,23,29,2
27/04/2026,1,4,14,21,29,34,1
30/04/2026,5,7,9,16,19,22,2
04/05/2026,12,21,27,30,34,38,1
07/05/2026,9,12,13,24,32,38,5
11/05/2026,1,4,6,22,30,38,5
14/05/2026,3,7,9,21,24,27,4
18/05/2026,3,11,16,20,21,22,4
21/05/2026,10,16,25,27,29,37,5
25/05/2026,4,13,17,22,27,30,1
28/05/2026,11,12,17,22,25,35,4
01/06/2026,4,15,23,31,34,39,3
04/06/2026,1,9,17,22,37,39,3
08/06/2026,2,4,9,22,28,34,4
11/06/2026,6,18,22,25,31,32,5
15/06/2026,3,14,20,22,29,40,5
18/06/2026,2,19,23,27,28,30,3
22/06/2026,4,10,14,15,29,37,3
25/06/2026,1,4,11,16,17,38,1
29/06/2026,12,20,22,28,29,40,2
02/07/2026,3,12,23,24,36,40,3
06/07/2026,4,5,7,12,29,37,2
09/07/2026,5,14,18,22,33,35,4
13/07/2026,9,12,13,17,21,30,1
16/07/2026,1,9,14,16,30,40,3
20/07/2026,8,11,12,22,26,36,1
23/07/2026,3,4,17,21,31,33,2
27/07/2026,2,4,13,16,21,25,3
30/07/2026,4,12,21,27,34,39,1
03/08/2026,12,13,17,20,23,34,2
06/08/2026,3,18,22,24,26,33,2
10/08/2026,7,9,10,26,33,40,1
13/08/2026,10,14,18,20,26,30,5
17/08/2026,8,12,19,21,26,36,4
20/08/2026,19,20,24,28,30,33,3
24/08/2026,3,11,17,23,28,30,2
27/08/2026,6,12,29,30,35,38,3
31/08/2026,6,14,15,17,34,37,2
03/09/2026,8,18,20,22,33,40,1
07/09/2026,1,3,21,24,28,32,5
10/09/2026,3,6,12,24,38,40,4
14/09/2026,2,15,18,22,34,38,4
17/09/2026,8,10,13,17,20,27,4
21/09/2026,4,11,20,22,38,39,5
24/09/2026,6,13,14,18,20,32,4
28/09/2026,2,7,9,17,18,30,3
01/10/2026,6,9,12,21,36,37,3
