Date,Number 1,Number 2,Number 3,Number 4,Number 5,Euro No. 1,Euro No 2
23/03/2012,5,8,21,37,46,6,8
30/03/2012,5,7,12,19,26,1,5
06/04/2012,7,8,34,36,38,4,5
13/04/2012,5,11,12,27,32,1,3
20/04/2012,10,16,30,41,45,2,8
27/04/2012,10,13,19,40,45,3,5
04/05/2012,29,30,35,41,45,3,5
11/05/2012,15,21,38,39,47,1,5
18/05/2012,12,18,43,44,46,4,5
25/05/2012,4,11,26,32,41,5,7
01/06/2012,11,28,34,37,38,3,7
08/06/2012,10,15,16,36,44,7,8
15/06/2012,6,10,17,18,42,1,3
22/06/2012,13,14,16,47,49,1,7
29/06/2012,5,8,19,33,36,2,3
06/07/2012,10,22,24,33,38,2,6
13/07/2012,8,12,27,31,37,3,6
20/07/2012,6,9,13,14,25,1,8
27/07/2012,9,22,23,34,35,1,3
03/08/2012,12,15,18,24,25,4,5
10/08/2012,6,11,40,46,48,3,6
17/08/2012,3,16,30,34,35,2,5
24/08/2012,9,20,21,33,49,5,7
31/08/2012,8,22,28,40,42,4,8
07/09/2012,15,23,25,46,49,2,4
14/09/2012,10,14,15,24,47,4,8
21/09/2012,18,29,41,44,49,1,5
28/09/2012,5,14,16,34,39,1,6
05/10/2012,26,28,40,49,50,2,7
12/10/2012,6,11,17,43,49,4,8
19/10/2012,6,14,18,19,48,3,8
26/10/2012,7,17,18,19,22,4,5
02/11/2012,3,5,7,12,31,5,7
09/11/2012,25,29,38,41,44,3,8
16/11/2012,1,4,7,21,26,4,7
23/11/2012,1,21,32,36,50,2,5
30/11/2012,2,13,21,24,37,6,7
07/12/2012,13,20,22,27,42,3,5
14/12/2012,17,28,31,35,39,5,8
21/12/2012,11,20,24,25,35,4,8
28/12/2012,5,8,22,32,39,7,8
04/01/2013,6,20,29,40,45,5,8
11/01/2013,6,31,37,41,49,2,3
18/01/2013,9,13,21,28,45,6,7
25/01/2013,4,13,28,37,38,7,8
01/02/2013,2,4,14,26,29,6,7
08/02/2013,12,14,17,27,43,1,7
15/02/2013,4,9,26,32,40,3,5
22/02/2013,3,13,41,46,49,3,8
01/03/2013,19,28,29,34,44,1,5
08/03/2013,10,12,14,30,43,2,5
15/03/2013,4,30,32,41,50,5,7
22/03/2013,5,12,21,43,48,5,6
29/03/2013,1,22,27,37,50,5,7
05/04/2013,22,31,37,38,41,2,6
12/04/2013,8,19,22,32,40,1,8
19/04/2013,17,18,22,24,25,1,6
26/04/2013,11,14,19,23,49,4,5
03/05/2013,14,16,28,44,48,3,7
10/05/2013,6,9,31,33,35,1,7
17/05/2013,4,6,10,13,32,1,8
24/05/2013,2,4,9,20,41,3,5
31/05/2013,5,9,12,23,40,2,7
07/06/2013,6,9,11,29,35,2,6
14/06/2013,1,25,46,47,48,3,8
21/06/2013,5,14,21,23,50,2,7
28/06/2013,6,8,23,33,49,3,8
05/07/2013,15,16,17,19,50,5,7
12/07/2013,7,27,33,47,48,2,7
19/07/2013,7,18,19,33,37,2,5
26/07/2013,4,13,19,25,43,3,4
02/08/2013,14,23,29,33,37,2,5
09/08/2013,7,26,32,34,49,1,6
16/08/2013,5,32,33,38,49,3,8
23/08/2013,4,10,25,30,47,2,3
30/08/2013,6,9,10,17,43,2,8
06/09/2013,3,7,20,32,44,4,5
13/09/2013,3,10,18,31,43,1,7
20/09/2013,2,6,15,18,24,5,7
27/09/2013,6,10,21,34,36,1,4
04/10/2013,1,7,16,21,48,1,8
11/10/2013,2,11,23,29,34,7,8
18/10/2013,7,22,24,25,41,1,3
25/10/2013,9,25,39,41,46,2,8
01/11/2013,7,10,13,26,27,5,8
08/11/2013,18,25,28,34,42,3,4
15/11/2013,3,19,32,43,48,4,8
22/11/2013,1,38,39,42,47,1,2
29/11/2013,17,25,32,35,45,4,7
06/12/2013,1,8,18,25,47,2,7
13/12/2013,9,19,24,28,49,2,8
20/12/2013,9,12,22,37,40,6,8
27/12/2013,2,15,33,40,43,3,7
03/01/2014,1,16,34,36,37,4,6
10/01/2014,8,18,22,33,40,2,8
17/01/2014,4,7,17,25,29,2,4
24/01/2014,4,28,30,36,46,3,7
31/01/2014,12,17,29,39,40,5,6
07/02/2014,16,18,20,36,49,3,4
14/02/2014,19,21,22,28,45,6,7
21/02/2014,2,4,21,30,41,7,8
28/02/2014,2,17,21,22,45,1,5
07/03/2014,7,14,15,20,39,1,8
14/03/2014,6,7,9,13,30,4,7
21/03/2014,8,18,35,38,42,4,6
28/03/2014,10,32,35,38,45,4,5
04/04/2014,10,16,28,30,33,4,6
11/04/2014,1,7,14,22,44,1,2
18/04/2014,12,32,40,44,49,2,3
25/04/2014,4,7,10,39,48,3,4
02/05/2014,9,31,32,33,34,6,8
09/05/2014,1,11,14,22,43,3,4
16/05/2014,9,28,36,42,43,2,8
23/05/2014,6,21,33,37,47,7,8
30/05/2014,7,17,25,26,35,4,7
06/06/2014,6,9,19,37,38,4,8
13/06/2014,1,8,15,18,39,1,6
20/06/2014,6,10,23,33,41,6,8
27/06/2014,11,33,35,42,44,4,6
04/07/2014,3,10,11,13,42,1,8
11/07/2014,3,10,16,35,45,4,6
18/07/2014,6,11,15,18,45,5,8
25/07/2014,3,10,36,43,47,2,5
01/08/2014,5,18,33,38,47,3,6
08/08/2014,15,19,21,34,40,3,4
15/08/2014,17,38,41,43,47,4,6
22/08/2014,19,20,40,42,47,2,8
29/08/2014,1,8,9,12,37,2,6
05/09/2014,26,31,33,39,40,5,6
12/09/2014,2,9,17,25,29,3,5
19/09/2014,13,18,20,38,39,1,8
26/09/2014,8,26,32,44,50,4,7
03/10/2014,8,15,34,44,49,4,8
10/10/2014,11,17,20,22,29,4,6
17/10/2014,14,24,27,35,39,7,8
24/10/2014,3,15,22,26,37,2,4
31/10/2014,3,7,27,43,46,3,8
07/11/2014,5,13,25,33,35,4,8
14/11/2014,22,25,41,45,49,2,5
21/11/2014,4,18,35,41,43,4,5
28/11/2014,6,16,18,29,35,6,9
05/12/2014,11,25,32,42,47,4,9
12/12/2014,1,8,15,19,37,7,9
19/12/2014,10,11,25,32,49,5,9
26/12/2014,2,21,30,39,43,5,7
02/01/2015,16,29,38,42,48,5,6
09/01/2015,13,19,20,27,41,5,9
16/01/2015,1,4,14,32,48,5,6
23/01/2015,2,13,14,30,32,1,3
30/01/2015,3,4,8,11,41,2,8
06/02/2015,3,19,22,37,39,5,10
13/02/2015,3,7,14,46,48,6,9
20/02/2015,1,16,18,29,44,2,7
27/02/2015,9,28,30,43,49,8,10
06/03/2015,9,16,17,20,32,2,3
13/03/2015,1,10,25,39,44,1,2
20/03/2015,9,11,13,35,38,5,7
27/03/2015,3,26,31,33,50,3,9
03/04/2015,5,34,37,43,48,2,4
10/04/2015,1,18,26,40,47,3,4
17/04/2015,5,6,13,20,33,3,8
24/04/2015,4,17,27,33,46,3,9
01/05/2015,8,24,25,30,50,4,6
08/05/2015,19,31,32,40,46,8,9
15/05/2015,12,14,18,38,46,9,10
22/05/2015,8,23,24,39,50,1,5
29/05/2015,1,6,16,28,38,1,6
05/06/2015,19,38,40,41,50,1,5
12/06/2015,17,23,27,30,39,6,8
19/06/2015,12,14,20,21,39,5,10
26/06/2015,14,27,28,35,47,1,8
03/07/2015,1,31,40,41,45,5,9
10/07/2015,12,35,36,39,47,3,6
17/07/2015,6,21,30,37,44,1,3
24/07/2015,6,12,15,20,30,3,6
31/07/2015,11,19,24,46,49,1,5
07/08/2015,1,9,15,22,49,4,7
14/08/2015,1,7,27,28,41,2,6
21/08/2015,13,20,39,40,42,3,9
28/08/2015,5,8,33,34,46,3,8
04/09/2015,12,23,37,41,46,3,7
11/09/2015,7,22,27,30,31,5,7
18/09/2015,3,7,13,41,48,1,7
25/09/2015,3,5,13,16,30,3,6
02/10/2015,7,9,28,39,47,2,8
09/10/2015,13,14,23,26,31,3,9
16/10/2015,11,19,38,42,46,3,9
23/10/2015,16,18,34,36,49,6,8
30/10/2015,5,15,16,36,37,3,5
06/11/2015,2,4,8,22,24,3,9
13/11/2015,19,23,26,27,49,3,10
20/11/2015,1,18,20,31,36,5,9
27/11/2015,2,7,13,26,49,3,4
04/12/2015,14,16,26,34,38,2,8
11/12/2015,34,36,37,39,49,8,10
18/12/2015,11,19,27,32,42,5,9
25/12/2015,8,9,33,34,36,3,9
01/01/2016,11,14,35,44,45,5,6
08/01/2016,1,2,5,24,47,3,8
15/01/2016,4,23,25,37,39,1,9
22/01/2016,3,19,26,29,36,4,9
29/01/2016,3,20,32,40,42,4,9
05/02/2016,10,25,35,37,43,5,8
12/02/2016,7,20,21,33,41,1,2
19/02/2016,10,12,28,29,49,3,4
26/02/2016,9,11,19,42,45,7,10
04/03/2016,2,5,10,13,28,3,10
11/03/2016,10,16,31,37,40,3,9
18/03/2016,10,20,35,47,50,4,7
25/03/2016,9,10,19,20,35,3,4
01/04/2016,6,12,21,40,49,8,10
08/04/2016,1,2,16,31,50,1,7
15/04/2016,1,5,17,39,46,6,7
22/04/2016,5,28,31,33,49,1,2
29/04/2016,10,14,20,24,40,2,10
06/05/2016,12,24,38,45,46,6,10
13/05/2016,6,7,36,39,40,1,10
20/05/2016,6,19,23,33,34,4,7
27/05/2016,4,10,26,33,48,5,9
03/06/2016,13,20,32,34,47,6,9
10/06/2016,11,12,26,28,37,8,10
17/06/2016,16,18,19,23,44,1,3
24/06/2016,19,21,24,41,48,1,6
01/07/2016,29,37,38,47,50,2,4
08/07/2016,4,19,21,31,42,5,10
15/07/2016,12,22,36,38,50,2,9
22/07/2016,6,14,20,26,46,2,4
29/07/2016,4,8,22,36,44,5,10
05/08/2016,5,11,12,30,40,2,5
12/08/2016,6,15,18,21,38,1,4
19/08/2016,22,33,42,43,46,6,10
26/08/2016,4,8,9,33,43,5,9
02/09/2016,15,28,30,42,50,1,8
09/09/2016,11,27,34,35,39,6,10
16/09/2016,15,28,30,37,43,2,5
23/09/2016,1,7,23,25,45,5,8
30/09/2016,4,28,29,39,44,8,10
07/10/2016,1,10,20,43,44,6,9
14/10/2016,7,10,25,39,42,3,6
21/10/2016,14,16,28,34,35,3,9
28/10/2016,1,4,6,12,13,1,6
04/11/2016,14,15,16,22,50,2,10
11/11/2016,1,16,18,42,47,6,8
18/11/2016,7,10,16,32,40,1,6
25/11/2016,19,28,34,45,49,1,6
02/12/2016,1,20,39,48,50,3,7
09/12/2016,12,17,29,44,50,2,10
16/12/2016,2,3,24,25,34,6,8
23/12/2016,13,27,30,42,46,3,4
30/12/2016,27,30,45,47,50,1,9
06/01/2017,7,14,23,27,35,3,5
13/01/2017,18,27,33,42,49,1,2
20/01/2017,8,17,22,27,33,2,8
27/01/2017,4,11,12,23,40,3,4
03/02/2017,1,10,25,46,49,1,6
10/02/2017,21,28,31,35,43,5,7
17/02/2017,2,16,22,27,50,3,8
24/02/2017,18,28,32,35,48,3,8
03/03/2017,1,8,11,24,38,6,7
10/03/2017,6,11,18,26,34,5,8
17/03/2017,1,8,18,25,47,2,7
24/03/2017,14,16,28,34,35,3,9
31/03/2017,7,16,20,27,49,4,6
07/04/2017,14,19,21,30,44,3,9
14/04/2017,6,22,33,40,42,4,8
21/04/2017,7,11,18,28,48,4,7
28/04/2017,10,17,32,36,47,2,5
05/05/2017,6,11,12,21,41,1,2
12/05/2017,2,3,6,15,35,1,3
19/05/2017,9,17,20,24,40,2,7
26/05/2017,2,3,18,22,39,3,7
02/06/2017,4,8,23,32,39,4,8
09/06/2017,10,25,30,32,41,4,8
16/06/2017,1,7,24,36,49,5,8
23/06/2017,4,11,19,23,35,3,10
30/06/2017,1,11,17,36,49,1,2
07/07/2017,5,16,24,32,40,3,9
14/07/2017,2,11,18,41,48,5,10
21/07/2017,7,14,22,25,31,4,8
28/07/2017,12,13,15,22,45,1,9
04/08/2017,10,22,28,30,47,1,2
11/08/2017,6,14,19,27,35,2,3
18/08/2017,13,21,22,26,48,2,5
25/08/2017,1,18,22,27,43,3,4
01/09/2017,15,22,29,33,47,3,7
08/09/2017,5,12,20,29,48,7,9
15/09/2017,14,21,22,32,42,2,3
22/09/2017,8,12,16,27,38,1,4
29/09/2017,12,14,18,38,46,7,8
06/10/2017,14,19,21,30,44,3,9
13/10/2017,2,16,32,33,45,5,10
20/10/2017,9,26,29,38,48,9,10
27/10/2017,12,21,23,24,42,5,8
03/11/2017,10,12,22,35,48,2,5
10/11/2017,1,13,21,38,45,1,3
17/11/2017,10,20,26,33,41,3,10
24/11/2017,11,16,18,22,43,7,8
01/12/2017,1,12,25,30,48,2,7
08/12/2017,6,19,23,33,34,4,7
15/12/2017,2,7,22,35,44,5,8
22/12/2017,10,17,32,36,47,2,5
29/12/2017,3,11,13,15,23,1,9
05/01/2018,10,20,26,33,41,3,10
12/01/2018,7,16,20,27,49,4,6
19/01/2018,11,19,24,46,49,1,5
26/01/2018,2,11,18,41,48,5,10
02/02/2018,15,22,29,33,47,3,7
09/02/2018,1,10,25,46,49,1,6
16/02/2018,19,23,26,27,49,3,10
23/02/2018,6,8,11,18,26,1,6
02/03/2018,7,8,12,25,41,2,8
09/03/2018,12,21,23,24,42,5,8
16/03/2018,3,11,13,15,23,1,9
23/03/2018,18,27,33,42,49,1,2
30/03/2018,4,8,18,33,38,2,10
06/04/2018,7,8,11,22,36,4,7
13/04/2018,1,14,17,24,50,8,9
20/04/2018,2,13,22,35,47,3,9
27/04/2018,12,22,36,38,50,2,9
04/05/2018,11,14,24,25,41,3,4
11/05/2018,12,15,17,33,41,1,9
18/05/2018,7,11,18,28,48,4,7
25/05/2018,15,31,35,40,46,3,8
01/06/2018,14,19,21,30,44,3,9
08/06/2018,6,12,15,20,30,3,6
15/06/2018,2,7,8,10,31,7,8
22/06/2018,16,23,30,37,41,2,9
29/06/2018,14,21,24,40,43,8,9
06/07/2018,2,7,24,38,45,5,8
13/07/2018,1,2,16,31,50,1,7
20/07/2018,6,22,33,40,42,4,8
27/07/2018,10,24,28,36,40,3,6
03/08/2018,17,21,23,37,45,7,9
10/08/2018,6,11,12,21,41,1,2
17/08/2018,4,15,18,19,23,4,8
24/08/2018,3,9,10,19,24,2,7
31/08/2018,22,25,30,32,47,1,8
07/09/2018,13,21,27,28,41,1,3
14/09/2018,11,18,23,29,32,3,7
21/09/2018,8,11,22,39,44,2,8
28/09/2018,10,16,31,37,40,3,9
05/10/2018,1,14,17,24,50,8,9
12/10/2018,6,17,22,30,33,1,8
19/10/2018,9,10,19,20,35,3,4
26/10/2018,18,19,33,38,44,4,10
02/11/2018,5,17,27,33,42,9,10
09/11/2018,8,32,34,46,49,3,5
16/11/2018,13,15,18,44,45,1,5
23/11/2018,19,21,23,29,38,1,6
30/11/2018,1,18,21,26,46,2,10
07/12/2018,4,16,21,31,42,4,6
14/12/2018,8,15,17,30,32,7,10
21/12/2018,1,2,7,11,48,5,8
28/12/2018,6,25,28,46,47,2,8
04/01/2019,7,14,23,27,35,3,5
11/01/2019,18,27,33,42,49,1,2
18/01/2019,8,17,22,27,33,2,8
25/01/2019,4,11,12,23,40,3,4
01/02/2019,10,20,26,33,41,3,10
08/02/2019,7,16,20,27,49,4,6
15/02/2019,11,19,24,46,49,1,5
22/02/2019,2,11,18,41,48,5,10
01/03/2019,15,22,29,33,47,3,7
08/03/2019,1,10,25,46,49,1,6
15/03/2019,19,23,26,27,49,3,10
22/03/2019,6,8,11,18,26,1,6
29/03/2019,7,8,12,25,41,2,8
05/04/2019,12,21,23,24,42,5,8
12/04/2019,3,11,13,15,23,1,9
19/04/2019,18,27,33,42,49,1,2
26/04/2019,4,8,18,33,38,2,10
03/05/2019,7,8,11,22,36,4,7
10/05/2019,1,14,17,24,50,8,9
17/05/2019,11,14,24,25,41,3,4
24/05/2019,7,11,18,28,48,4,7
31/05/2019,15,31,35,40,46,3,8
07/06/2019,6,12,15,20,30,3,6
14/06/2019,2,7,8,10,31,7,8
21/06/2019,16,23,30,37,41,2,9
28/06/2019,14,21,24,40,43,8,9
05/07/2019,12,22,36,38,50,2,9
12/07/2019,2,13,22,35,47,3,9
19/07/2019,7,16,20,27,49,4,6
26/07/2019,10,20,26,33,41,3,10
02/08/2019,1,10,25,46,49,1,6
09/08/2019,6,11,18,26,34,5,8
16/08/2019,4,15,18,19,23,4,8
23/08/2019,9,10,19,20,35,3,4
30/08/2019,22,25,30,32,47,1,8
06/09/2019,8,11,22,39,44,2,8
13/09/2019,18,19,33,38,44,4,10
20/09/2019,17,21,23,37,45,7,9
27/09/2019,1,8,18,25,47,2,7
04/10/2019,14,19,21,30,44,3,9
11/10/2019,11,19,24,46,49,1,5
18/10/2019,4,8,22,36,44,5,10
25/10/2019,7,10,25,39,42,3,6
01/11/2019,6,11,12,21,41,1,2
08/11/2019,10,14,20,24,40,2,10
15/11/2019,12,15,17,33,41,1,9
22/11/2019,3,26,31,33,50,3,9
29/11/2019,1,2,16,31,50,1,7
06/12/2019,10,16,31,37,40,3,9
13/12/2019,12,17,29,44,50,2,10
20/12/2019,3,10,11,13,42,1,8
27/12/2019,2,11,18,41,48,5,10
03/01/2020,19,23,26,27,49,3,10
10/01/2020,6,8,11,18,26,1,6
17/01/2020,7,8,12,25,41,2,8
24/01/2020,12,21,23,24,42,5,8
31/01/2020,3,11,13,15,23,1,9
07/02/2020,18,27,33,42,49,1,2
14/02/2020,4,8,18,33,38,2,10
21/02/2020,7,8,11,22,36,4,7
28/02/2020,1,14,17,24,50,8,9
06/03/2020,2,13,22,35,47,3,9
13/03/2020,12,22,36,38,50,2,9
20/03/2020,11,14,24,25,41,3,4
27/03/2020,12,15,17,33,41,1,9
03/04/2020,7,11,18,28,48,4,7
10/04/2020,15,31,35,40,46,3,8
17/04/2020,14,19,21,30,44,3,9
24/04/2020,6,12,15,20,30,3,6
01/05/2020,2,7,8,10,31,7,8
08/05/2020,16,23,30,37,41,2,9
15/05/2020,14,21,24,40,43,8,9
22/05/2020,2,7,24,38,45,5,8
29/05/2020,1,2,16,31,50,1,7
05/06/2020,6,22,33,40,42,4,8
12/06/2020,10,24,28,36,40,3,6
19/06/2020,17,21,23,37,45,7,9
26/06/2020,6,11,12,21,41,1,2
03/07/2020,4,15,18,19,23,4,8
10/07/2020,3,9,10,19,24,2,7
17/07/2020,22,25,30,32,47,1,8
24/07/2020,13,21,27,28,41,1,3
31/07/2020,11,18,23,29,32,3,7
07/08/2020,8,11,22,39,44,2,8
14/08/2020,10,16,31,37,40,3,9
21/08/2020,1,14,17,24,50,8,9
28/08/2020,6,17,22,30,33,1,8
04/09/2020,9,10,19,20,35,3,4
11/09/2020,18,19,33,38,44,4,10
18/09/2020,5,17,27,33,42,9,10
25/09/2020,8,32,34,46,49,3,5
02/10/2020,13,15,18,44,45,1,5
09/10/2020,19,21,23,29,38,1,6
16/10/2020,7,14,23,27,35,3,5
23/10/2020,18,27,33,42,49,1,2
30/10/2020,8,17,22,27,33,2,8
06/11/2020,4,11,12,23,40,3,4
13/11/2020,10,20,26,33,41,3,10
20/11/2020,7,16,20,27,49,4,6
27/11/2020,15,22,29,33,47,3,7
04/12/2020,1,10,25,46,49,1,6
11/12/2020,6,11,18,26,34,5,8
18/12/2020,2,5,10,13,28,3,10
25/12/2020,12,14,18,38,46,7,8
01/01/2021,14,19,21,30,44,3,9
08/01/2021,6,12,15,20,30,3,6
15/01/2021,2,7,8,10,31,7,8
22/01/2021,16,23,30,37,41,2,9
29/01/2021,14,21,24,40,43,8,9
05/02/2021,2,7,24,38,45,5,8
12/02/2021,1,2,16,31,50,1,7
19/02/2021,6,22,33,40,42,4,8
26/02/2021,10,24,28,36,40,3,6
05/03/2021,17,21,23,37,45,7,9
12/03/2021,6,11,12,21,41,1,2
19/03/2021,4,15,18,19,23,4,8
26/03/2021,3,9,10,19,24,2,7
02/04/2021,22,25,30,32,47,1,8
09/04/2021,13,21,27,28,41,1,3
16/04/2021,11,18,23,29,32,3,7
23/04/2021,8,11,22,39,44,2,8
30/04/2021,10,16,31,37,40,3,9
07/05/2021,1,14,17,24,50,8,9
14/05/2021,6,17,22,30,33,1,8
21/05/2021,9,10,19,20,35,3,4
28/05/2021,18,19,33,38,44,4,10
04/06/2021,5,17,27,33,42,9,10
11/06/2021,8,32,34,46,49,3,5
18/06/2021,13,15,18,44,45,1,5
25/06/2021,19,21,23,29,38,1,6
02/07/2021,7,14,23,27,35,3,5
09/07/2021,18,27,33,42,49,1,2
16/07/2021,8,17,22,27,33,2,8
23/07/2021,4,11,12,23,40,3,4
30/07/2021,10,20,26,33,41,3,10
06/08/2021,7,16,20,27,49,4,6
13/08/2021,11,19,24,46,49,1,5
20/08/2021,2,11,18,41,48,5,10
27/08/2021,15,22,29,33,47,3,7
03/09/2021,1,10,25,46,49,1,6
10/09/2021,19,23,26,27,49,3,10
17/09/2021,6,8,11,18,26,1,6
24/09/2021,7,8,12,25,41,2,8
01/10/2021,12,21,23,24,42,5,8
08/10/2021,3,11,13,15,23,1,9
15/10/2021,18,27,33,42,49,1,2
22/10/2021,4,8,18,33,38,2,10
29/10/2021,7,8,11,22,36,4,7
05/11/2021,1,14,17,24,50,8,9
12/11/2021,2,13,22,35,47,3,9
19/11/2021,12,22,36,38,50,2,9
26/11/2021,11,14,24,25,41,3,4
03/12/2021,12,15,17,33,41,1,9
10/12/2021,7,11,18,28,48,4,7
17/12/2021,15,31,35,40,46,3,8
24/12/2021,14,19,21,30,44,3,9
31/12/2021,6,12,15,20,30,3,6
07/01/2022,6,12,15,20,30,3,6
14/01/2022,2,7,8,10,31,7,8
21/01/2022,16,23,30,37,41,2,9
28/01/2022,14,21,24,40,43,8,9
04/02/2022,2,7,24,38,45,5,8
11/02/2022,1,2,16,31,50,1,7
18/02/2022,6,22,33,40,42,4,8
25/02/2022,10,24,28,36,40,3,6
04/03/2022,17,21,23,37,45,7,9
11/03/2022,6,11,12,21,41,1,2
18/03/2022,4,15,18,19,23,4,8
25/03/2022,3,9,10,19,24,2,7
29/03/2022,22,25,30,32,47,1,8
01/04/2022,13,21,27,28,41,1,3
05/04/2022,11,18,23,29,32,3,7
08/04/2022,8,11,22,39,44,2,8
12/04/2022,10,16,31,37,40,3,9
15/04/2022,1,14,17,24,50,8,9
19/04/2022,6,17,22,30,33,1,8
22/04/2022,9,10,19,20,35,3,4
26/04/2022,18,19,33,38,44,4,10
29/04/2022,5,17,27,33,42,9,10
03/05/2022,8,32,34,46,49,3,5
06/05/2022,13,15,18,44,45,1,5
10/05/2022,19,21,23,29,38,1,6
13/05/2022,7,14,23,27,35,3,5
17/05/2022,18,27,33,42,49,1,2
20/05/2022,8,17,22,27,33,2,8
24/05/2022,4,11,12,23,40,3,4
27/05/2022,10,20,26,33,41,3,10
31/05/2022,7,16,20,27,49,4,6
03/06/2022,11,19,24,46,49,1,5
07/06/2022,2,11,18,41,48,5,10
10/06/2022,15,22,29,33,47,3,7
14/06/2022,1,10,25,46,49,1,6
17/06/2022,19,23,26,27,49,3,10
21/06/2022,6,8,11,18,26,1,6
24/06/2022,7,8,12,25,41,2,8
28/06/2022,12,21,23,24,42,5,8
01/07/2022,3,11,13,15,23,1,9
05/07/2022,18,27,33,42,49,1,2
08/07/2022,4,8,18,33,38,2,10
12/07/2022,7,8,11,22,36,4,7
15/07/2022,1,14,17,24,50,8,9
19/07/2022,2,13,22,35,47,3,9
22/07/2022,12,22,36,38,50,2,9
26/07/2022,11,14,24,25,41,3,4
29/07/2022,12,15,17,33,41,1,9
02/08/2022,7,11,18,28,48,4,7
05/08/2022,15,31,35,40,46,3,8
09/08/2022,14,19,21,30,44,3,9
12/08/2022,6,12,15,20,30,3,6
16/08/2022,2,7,8,10,31,7,8
19/08/2022,16,23,30,37,41,2,9
23/08/2022,14,21,24,40,43,8,9
26/08/2022,2,7,24,38,45,5,8
30/08/2022,1,2,16,31,50,1,7
02/09/2022,6,22,33,40,42,4,8
06/09/2022,10,24,28,36,40,3,6
09/09/2022,17,21,23,37,45,7,9
13/09/2022,6,11,12,21,41,1,2
16/09/2022,4,15,18,19,23,4,8
20/09/2022,3,9,10,19,24,2,7
23/09/2022,22,25,30,32,47,1,8
27/09/2022,13,21,27,28,41,1,3
30/09/2022,11,18,23,29,32,3,7
04/10/2022,8,11,22,39,44,2,8
07/10/2022,10,16,31,37,40,3,9
11/10/2022,1,14,17,24,50,8,9
14/10/2022,6,17,22,30,33,1,8
18/10/2022,9,10,19,20,35,3,4
21/10/2022,18,19,33,38,44,4,10
25/10/2022,5,17,27,33,42,9,10
28/10/2022,8,32,34,46,49,3,5
01/11/2022,13,15,18,44,45,1,5
04/11/2022,19,21,23,29,38,1,6
08/11/2022,7,14,23,27,35,3,5
11/11/2022,18,27,33,42,49,1,2
15/11/2022,8,17,22,27,33,2,8
18/11/2022,4,11,12,23,40,3,4
22/11/2022,10,20,26,33,41,3,10
25/11/2022,7,16,20,27,49,4,6
29/11/2022,11,19,24,46,49,1,5
02/12/2022,2,11,18,41,48,5,10
06/12/2022,15,22,29,33,47,3,7
09/12/2022,1,10,25,46,49,1,6
13/12/2022,2,13,22,35,47,3,9
16/12/2022,6,11,18,26,34,5,8
20/12/2022,10,21,23,28,41,1,6
23/12/2022,6,11,22,28,38,2,8
27/12/2022,2,10,22,35,41,1,12
30/12/2022,3,17,19,32,38,6,7
03/01/2023,7,8,12,25,41,2,8
06/01/2023,12,21,23,24,42,5,8
10/01/2023,3,11,13,15,23,1,9
13/01/2023,18,27,33,42,49,1,2
17/01/2023,4,8,18,33,38,2,10
20/01/2023,7,8,11,22,36,4,7
24/01/2023,1,14,17,24,50,8,9
27/01/2023,2,13,22,35,47,3,9
31/01/2023,12,22,36,38,50,2,9
03/02/2023,11,14,24,25,41,3,4
07/02/2023,12,15,17,33,41,1,9
10/02/2023,7,11,18,28,48,4,7
14/02/2023,15,31,35,40,46,3,8
17/02/2023,14,19,21,30,44,3,9
21/02/2023,6,12,15,20,30,3,6
24/02/2023,2,7,8,10,31,7,8
28/02/2023,16,23,30,37,41,2,9
03/03/2023,14,21,24,40,43,8,9
07/03/2023,2,7,24,38,45,5,8
10/03/2023,1,2,16,31,50,1,7
14/03/2023,6,22,33,40,42,4,8
17/03/2023,10,24,28,36,40,3,6
21/03/2023,17,21,23,37,45,7,9
24/03/2023,6,11,12,21,41,1,2
28/03/2023,4,15,18,19,23,4,8
31/03/2023,3,9,10,19,24,2,7
04/04/2023,22,25,30,32,47,1,8
07/04/2023,13,21,27,28,41,1,3
11/04/2023,11,18,23,29,32,3,7
14/04/2023,8,11,22,39,44,2,8
18/04/2023,10,16,31,37,40,3,9
21/04/2023,1,14,17,24,50,8,9
25/04/2023,6,17,22,30,33,1,8
28/04/2023,9,10,19,20,35,3,4
02/05/2023,18,19,33,38,44,4,10
05/05/2023,5,17,27,33,42,9,10
09/05/2023,8,32,34,46,49,3,5
12/05/2023,13,15,18,44,45,1,5
16/05/2023,19,21,23,29,38,1,6
19/05/2023,7,14,23,27,35,3,5
23/05/2023,18,27,33,42,49,1,2
26/05/2023,8,17,22,27,33,2,8
30/05/2023,4,11,12,23,40,3,4
02/06/2023,10,20,26,33,41,3,10
06/06/2023,7,16,20,27,49,4,6
09/06/2023,11,19,24,46,49,1,5
13/06/2023,2,11,18,41,48,5,10
16/06/2023,15,22,29,33,47,3,7
20/06/2023,1,10,25,46,49,1,6
23/06/2023,19,23,26,27,49,3,10
27/06/2023,6,8,11,18,26,1,6
30/06/2023,7,8,12,25,41,2,8
04/07/2023,12,21,23,24,42,5,8
07/07/2023,3,11,13,15,23,1,9
11/07/2023,18,27,33,42,49,1,2
14/07/2023,4,8,18,33,38,2,10
18/07/2023,7,8,11,22,36,4,7
21/07/2023,1,14,17,24,50,8,9
25/07/2023,2,13,22,35,47,3,9
28/07/2023,12,22,36,38,50,2,9
01/08/2023,11,14,24,25,41,3,4
04/08/2023,12,15,17,33,41,1,9
08/08/2023,7,11,18,28,48,4,7
11/08/2023,15,31,35,40,46,3,8
15/08/2023,14,19,21,30,44,3,9
18/08/2023,6,12,15,20,30,3,6
22/08/2023,2,7,8,10,31,7,8
25/08/2023,16,23,30,37,41,2,9
29/08/2023,14,21,24,40,43,8,9
01/09/2023,2,7,24,38,45,5,8
05/09/2023,1,2,16,31,50,1,7
08/09/2023,6,22,33,40,42,4,8
12/09/2023,10,24,28,36,40,3,6
15/09/2023,17,21,23,37,45,7,9
19/09/2023,6,11,12,21,41,1,2
22/09/2023,4,15,18,19,23,4,8
26/09/2023,3,9,10,19,24,2,7
29/09/2023,22,25,30,32,47,1,8
03/10/2023,13,21,27,28,41,1,3
06/10/2023,11,18,23,29,32,3,7
10/10/2023,8,11,22,39,44,2,8
13/10/2023,10,16,31,37,40,3,9
17/10/2023,1,14,17,24,50,8,9
20/10/2023,6,17,22,30,33,1,8
24/10/2023,9,10,19,20,35,3,4
27/10/2023,18,19,33,38,44,4,10
31/10/2023,5,17,27,33,42,9,10
03/11/2023,8,32,34,46,49,3,5
07/11/2023,13,15,18,44,45,1,5
10/11/2023,19,21,23,29,38,1,6
14/11/2023,7,14,23,27,35,3,5
17/11/2023,18,27,33,42,49,1,2
21/11/2023,8,17,22,27,33,2,8
24/11/2023,4,11,12,23,40,3,4
28/11/2023,10,20,26,33,41,3,10
01/12/2023,7,16,20,27,49,4,6
05/12/2023,11,19,24,46,49,1,5
08/12/2023,2,11,18,41,48,5,10
12/12/2023,15,22,29,33,47,3,7
15/12/2023,1,10,25,46,49,1,6
19/12/2023,2,13,22,35,47,3,9
22/12/2023,6,11,18,26,34,5,8
26/12/2023,1,7,21,23,33,1,6
29/12/2023,4,13,16,22,27,1,10
02/01/2024,15,31,35,40,46,3,8
05/01/2024,14,19,21,30,44,3,9
09/01/2024,6,12,15,20,30,3,6
12/01/2024,2,7,8,10,31,7,8
16/01/2024,16,23,30,37,41,2,9
19/01/2024,14,21,24,40,43,8,9
23/01/2024,2,7,24,38,45,5,8
26/01/2024,1,2,16,31,50,1,7
30/01/2024,6,22,33,40,42,4,8
02/02/2024,10,24,28,36,40,3,6
06/02/2024,17,21,23,37,45,7,9
09/02/2024,6,11,12,21,41,1,2
13/02/2024,4,15,18,19,23,4,8
16/02/2024,3,9,10,19,24,2,7
20/02/2024,22,25,30,32,47,1,8
23/02/2024,13,21,27,28,41,1,3
27/02/2024,11,18,23,29,32,3,7
01/03/2024,8,11,22,39,44,2,8
05/03/2024,10,16,31,37,40,3,9
08/03/2024,1,14,17,24,50,8,9
12/03/2024,6,17,22,30,33,1,8
15/03/2024,9,10,19,20,35,3,4
19/03/2024,18,19,33,38,44,4,10
22/03/2024,5,17,27,33,42,9,10
26/03/2024,8,32,34,46,49,3,5
29/03/2024,13,15,18,44,45,1,5
02/04/2024,19,21,23,29,38,1,6
05/04/2024,7,14,23,27,35,3,5
09/04/2024,18,27,33,42,49,1,2
12/04/2024,8,17,22,27,33,2,8
16/04/2024,4,11,12,23,40,3,4
19/04/2024,10,20,26,33,41,3,10
23/04/2024,7,16,20,27,49,4,6
26/04/2024,11,19,24,46,49,1,5
30/04/2024,2,11,18,41,48,5,10
03/05/2024,15,22,29,33,47,3,7
07/05/2024,1,10,25,46,49,1,6
10/05/2024,19,23,26,27,49,3,10
14/05/2024,6,8,11,18,26,1,6
17/05/2024,7,8,12,25,41,2,8
21/05/2024,12,21,23,24,42,5,8
24/05/2024,3,11,13,15,23,1,9
28/05/2024,18,27,33,42,49,1,2
31/05/2024,4,8,18,33,38,2,10
04/06/2024,7,8,11,22,36,4,7
07/06/2024,1,14,17,24,50,8,9
11/06/2024,2,13,22,35,47,3,9
14/06/2024,12,22,36,38,50,2,9
18/06/2024,11,14,24,25,41,3,4
21/06/2024,12,15,17,33,41,1,9
25/06/2024,7,11,18,28,48,4,7
28/06/2024,15,31,35,40,46,3,8
02/07/2024,14,19,21,30,44,3,9
05/07/2024,6,12,15,20,30,3,6
09/07/2024,2,7,8,10,31,7,8
12/07/2024,16,23,30,37,41,2,9
16/07/2024,14,21,24,40,43,8,9
19/07/2024,2,7,24,38,45,5,8
23/07/2024,1,2,16,31,50,1,7
26/07/2024,6,22,33,40,42,4,8
30/07/2024,10,24,28,36,40,3,6
02/08/2024,17,21,23,37,45,7,9
06/08/2024,6,11,12,21,41,1,2
09/08/2024,4,15,18,19,23,4,8
13/08/2024,3,9,10,19,24,2,7
16/08/2024,22,25,30,32,47,1,8
20/08/2024,13,21,27,28,41,1,3
23/08/2024,11,18,23,29,32,3,7
27/08/2024,8,11,22,39,44,2,8
30/08/2024,10,16,31,37,40,3,9
03/09/2024,1,14,17,24,50,8,9
06/09/2024,6,17,22,30,33,1,8
10/09/2024,9,10,19,20,35,3,4
13/09/2024,18,19,33,38,44,4,10
17/09/2024,5,17,27,33,42,9,10
20/09/2024,8,32,34,46,49,3,5
24/09/2024,13,15,18,44,45,1,5
27/09/2024,19,21,23,29,38,1,6
01/10/2024,7,14,23,27,35,3,5
04/10/2024,18,27,33,42,49,1,2
08/10/2024,8,17,22,27,33,2,8
11/10/2024,4,11,12,23,40,3,4
15/10/2024,10,20,26,33,41,3,10
18/10/2024,7,16,20,27,49,4,6
22/10/2024,11,19,24,46,49,1,5
25/10/2024,2,11,18,41,48,5,10
29/10/2024,15,22,29,33,47,3,7
01/11/2024,1,10,25,46,49,1,6
05/11/2024,19,23,26,27,49,3,10
08/11/2024,6,8,11,18,26,1,6
12/11/2024,7,8,12,25,41,2,8
15/11/2024,12,21,23,24,42,5,8
19/11/2024,3,11,13,15,23,1,9
22/11/2024,18,27,33,42,49,1,2
26/11/2024,4,8,18,33,38,2,10
29/11/2024,7,8,11,22,36,4,7
03/12/2024,1,14,17,24,50,8,9
06/12/2024,2,13,22,35,47,3,9
10/12/2024,12,22,36,38,50,2,9
13/12/2024,11,14,24,25,41,3,4
17/12/2024,12,15,17,33,41,1,9
20/12/2024,7,11,18,28,48,4,7
24/12/2024,15,31,35,40,46,3,8
27/12/2024,14,19,21,30,44,3,9
31/12/2024,6,12,15,20,30,3,6
03/01/2025,1,20,21,27,29,8,10
07/01/2025,16,24,28,35,43,3,11
10/01/2025,17,34,38,42,48,2,11
14/01/2025,10,11,17,20,30,2,6
17/01/2025,7,9,14,18,31,7,8
21/01/2025,3,17,22,28,40,4,9
24/01/2025,1,9,16,46,47,3,9
28/01/2025,2,7,28,43,46,5,12
31/01/2025,1,23,32,42,47,4,11
04/02/2025,10,18,21,41,42,3,9
07/02/2025,15,17,27,33,45,5,9
11/02/2025,3,12,22,28,47,1,12
14/02/2025,12,14,18,45,50,2,10
18/02/2025,1,9,14,19,44,2,3
21/02/2025,18,26,29,35,36,11,12
25/02/2025,28,31,38,42,48,3,10
28/02/2025,3,4,13,20,21,8,12
04/03/2025,4,12,35,37,48,4,10
07/03/2025,7,11,12,32,42,1,4
11/03/2025,15,18,22,23,44,1,11
14/03/2025,6,13,28,37,45,5,10
18/03/2025,1,7,14,47,50,3,7
21/03/2025,8,9,12,14,16,6,12
25/03/2025,3,11,30,35,50,4,5
28/03/2025,2,15,19,34,49,2,6
01/04/2025,12,17,39,41,50,9,12
04/04/2025,19,23,29,37,38,2,8
08/04/2025,17,39,40,41,47,5,8
11/04/2025,2,26,27,28,49,1,10
15/04/2025,8,11,13,33,35,1,10
18/04/2025,7,8,12,29,44,3,12
22/04/2025,10,16,23,29,38,3,5
25/04/2025,13,14,40,43,45,5,8
29/04/2025,17,21,27,30,34,8,11
02/05/2025,3,15,22,33,35,1,7
06/05/2025,1,21,22,46,49,9,10
09/05/2025,1,5,27,36,43,5,9
13/05/2025,14,16,19,33,34,5,12
16/05/2025,6,8,15,27,39,6,12
20/05/2025,8,19,20,21,28,7,10
23/05/2025,11,17,19,33,40,7,12
27/05/2025,6,9,17,25,41,4,10
30/05/2025,4,5,26,29,43,5,9
03/06/2025,6,8,19,26,30,1,12
06/06/2025,7,8,11,23,39,5,11
10/06/2025,1,17,20,28,42,2,12
13/06/2025,1,15,18,27,46,5,9
17/06/2025,10,13,15,33,35,7,12
20/06/2025,6,12,18,37,46,7,9
24/06/2025,20,31,35,40,44,3,4
27/06/2025,4,14,26,29,50,3,12
01/07/2025,1,9,10,12,14,6,8
04/07/2025,14,23,34,41,44,5,10
08/07/2025,21,27,29,34,43,6,10
11/07/2025,6,12,13,43,46,6,11
15/07/2025,13,28,33,37,45,6,11
18/07/2025,10,12,21,25,39,2,4
22/07/2025,5,20,42,46,48,7,8
25/07/2025,7,8,13,29,36,4,8
29/07/2025,20,21,38,43,49,6,11
01/08/2025,4,11,12,20,33,3,5
05/08/2025,1,18,21,22,34,1,6
08/08/2025,7,16,23,41,42,1,4
12/08/2025,11,16,29,37,42,1,11
15/08/2025,5,11,20,33,43,6,12
19/08/2025,3,4,11,33,47,6,9
22/08/2025,3,14,16,22,34,7,10
26/08/2025,8,14,21,26,35,4,8
29/08/2025,3,5,19,23,48,1,5
02/09/2025,1,5,12,38,47,7,8
05/09/2025,6,14,25,29,46,7,11
09/09/2025,14,18,24,27,50,8,9
12/09/2025,7,22,24,33,45,4,12
16/09/2025,8,9,14,37,39,1,9
19/09/2025,9,37,40,41,46,1,12
23/09/2025,7,18,31,32,33,10,11
26/09/2025,12,24,26,35,48,1,2
30/09/2025,8,11,13,24,27,3,7
03/10/2025,1,2,7,21,27,8,12
07/10/2025,10,22,38,42,48,2,9
10/10/2025,4,5,24,31,41,3,12
14/10/2025,8,12,13,49,50,2,4
17/10/2025,18,21,34,35,46,2,3
21/10/2025,6,21,30,40,46,3,4
24/10/2025,12,13,27,42,43,3,4
28/10/2025,3,4,22,45,50,9,12
31/10/2025,5,11,40,41,47,1,5
04/11/2025,3,21,22,33,39,1,9
07/11/2025,13,19,22,35,40,2,8
11/11/2025,8,24,25,41,50,8,9
14/11/2025,3,5,20,30,37,6,12
18/11/2025,19,25,27,41,49,3,9
21/11/2025,15,24,30,45,50,5,6
25/11/2025,1,23,30,35,46,4,8
28/11/2025,12,16,35,46,50,3,5
02/12/2025,14,30,34,35,40,4,6
05/12/2025,1,4,18,22,24,6,10
09/12/2025,2,30,32,33,37,2,9
12/12/2025,2,25,27,37,50,2,11
16/12/2025,12,22,28,30,31,4,11
19/12/2025,8,9,15,35,45,2,5
23/12/2025,24,29,35,40,41,6,7
26/12/2025,15,21,26,29,42,4,12
30/12/2025,10,18,20,23,27,1,6
02/01/2026,10,15,29,34,38,2,9
16/01/2026,8,16,37,39,48,5,11
27/01/2026,13,18,19,29,32,8,9
30/01/2026,8,13,15,17,37,3,7
06/02/2026,8,14,38,41,48,1,11
10/02/2026,12,19,34,39,47,4,5
13/02/2026,1,21,44,45,46,2,7
17/02/2026,8,23,39,40,44,6,7
20/02/2026,11,17,23,36,40,5,6
24/02/2026,4,5,26,38,48,2,9
27/02/2026,7,17,19,28,47,2,7
03/03/2026,1,9,14,35,49,2,10
06/03/2026,8,17,26,31,47,1,6
10/03/2026,2,3,17,18,28,4,10
13/03/2026,7,23,37,44,47,2,6
17/03/2026,12,13,16,17,37,4,11
20/03/2026,2,17,21,25,30,2,6
24/03/2026,9,15,23,43,48,3,5
27/03/2026,21,23,25,38,40,7,11
31/03/2026,5,15,18,20,35,7,8
03/04/2026,9,10,18,22,37,1,11
07/04/2026,2,4,16,23,27,5,8
10/04/2026,1,6,11,18,48,10,12
14/04/2026,13,22,32,46,47,6,7
17/04/2026,16,31,35,43,44,2,9
21/04/2026,31,32,36,39,47,7,8
24/04/2026,6,21,29,39,44,1,5
28/04/2026,19,20,41,43,46,5,7
01/05/2026,10,11,13,16,27,5,7
05/05/2026,1,30,33,34,43,5,10
08/05/2026,3,17,18,31,41,6,12
12/05/2026,7,15,19,28,35,3,11
15/05/2026,1,32,33,36,37,7,12
19/05/2026,10,36,37,39,47,5,6
22/05/2026,5,34,35,42,46,3,5
26/05/2026,5,11,23,33,42,10,12
29/05/2026,3,20,21,42,49,5,6
02/06/2026,2,36,38,40,46,7,8
05/06/2026,21,23,44,47,50,1,7
09/06/2026,1,14,22,39,48,8,11
12/06/2026,2,4,14,18,28,9,11
16/06/2026,9,26,29,37,42,1,7
19/06/2026,16,27,37,42,45,5,12
23/06/2026,24,27,43,48,50,4,12
26/06/2026,17,25,35,39,41,5,9
30/06/2026,12,19,34,44,50,3,8
03/07/2026,4,9,20,25,28,1,3
07/07/2026,6,16,24,41,46,2,3
10/07/2026,13,25,28,42,45,5,12
14/07/2026,5,6,17,34,36,3,11
17/07/2026,6,21,31,47,48,2,9
21/07/2026,4,8,10,17,37,5,7
24/07/2026,4,6,8,17,22,7,10
28/07/2026,11,25,40,41,45,1,5
31/07/2026,4,10,20,40,41,4,6
04/08/2026,3,17,30,35,43,1,12
07/08/2026,1,3,6,13,23,5,7
11/08/2026,4,11,12,16,30,8,9
14/08/2026,5,26,28,30,40,3,6
18/08/2026,15,22,24,34,42,4,7
21/08/2026,25,35,45,46,50,4,8
25/08/2026,4,5,7,48,50,4,5
28/08/2026,23,34,39,45,49,1,4
01/09/2026,9,14,35,43,50,3,7
04/09/2026,5,14,31,33,43,3,4
08/09/2026,14,27,34,36,47,3,4
11/09/2026,14,21,35,37,49,1,12
