Date,no.1,no.2,no.3,no.4,no.5,no.6,Viking,Jackpot_DKK,Jackpot_EUR
17/03/1993,5,18,24,26,38,40,
24/03/1993,5,6,15,16,30,43,
31/03/1993,11,16,26,33,39,47,
07/04/1993,2,11,15,19,41,44,
14/04/1993,9,11,13,15,19,24,
21/04/1993,4,7,8,23,30,36,
05/05/1993,14,21,27,28,33,37,
12/05/1993,2,8,10,34,36,45,
19/05/1993,7,12,15,17,22,29,
26/05/1993,8,21,22,30,32,38,
02/06/1993,5,16,18,23,28,39,
09/06/1993,18,29,30,33,35,38,
16/06/1993,7,11,18,36,37,39,
23/06/1993,2,10,13,27,37,40,
30/06/1993,6,8,10,19,39,42,
07/07/1993,2,13,18,22,38,41,
14/07/1993,5,7,16,22,24,42,
21/07/1993,1,3,13,22,32,44,
28/07/1993,1,9,13,14,15,31,
04/08/1993,2,7,11,20,29,30,
11/08/1993,1,12,18,23,25,39,
18/08/1993,17,21,29,40,41,44,
25/08/1993,11,26,32,39,46,47,
01/09/1993,10,21,25,28,37,46,
08/09/1993,3,5,28,29,38,40,
15/09/1993,13,19,21,24,29,40,
22/09/1993,1,6,14,18,38,45,
29/09/1993,1,30,35,44,45,48,
06/10/1993,1,23,27,41,44,45,
13/10/1993,5,22,24,26,39,42,
20/10/1993,4,10,15,26,32,46,
27/10/1993,3,7,8,36,40,45,
03/11/1993,8,14,22,23,29,39,
10/11/1993,3,5,9,15,20,41,
17/11/1993,10,17,24,32,37,45,
24/11/1993,14,22,24,25,31,34,
01/12/1993,21,23,29,30,41,46,
08/12/1993,7,9,11,16,17,47,
15/12/1993,14,28,29,30,38,42,
22/12/1993,2,4,12,31,38,40,
29/12/1993,8,19,25,28,36,39,
04/12/1996,6,8,9,25,33,34,
11/12/1996,3,31,33,40,42,48,
18/12/1996,2,12,17,22,29,47,
26/12/1996,3,6,12,16,37,41,
01/01/1997,2,11,22,29,33,34,
08/01/1997,5,10,15,16,42,45,
15/01/1997,13,28,31,33,35,36,
22/01/1997,2,3,14,15,36,37,
29/01/1997,2,5,18,19,32,43,
05/02/1997,4,16,22,37,40,47,
12/02/1997,6,18,24,28,39,43,
19/02/1997,6,11,14,20,25,46,
26/02/1997,2,12,18,27,33,36,
05/03/1997,1,3,22,24,25,27,
12/03/1997,17,20,24,33,42,47,
19/03/1997,3,7,21,24,41,46,
26/03/1997,4,8,16,20,25,31,
02/04/1997,4,15,27,35,41,43,
09/04/1997,3,7,25,30,39,42,
16/04/1997,16,24,32,33,42,47,
23/04/1997,12,15,24,28,41,42,
30/04/1997,9,11,21,32,39,41,
07/05/1997,11,13,14,23,38,45,
14/05/1997,1,19,22,28,30,47,
21/05/1997,4,25,31,35,36,38,
28/05/1997,9,10,25,33,43,46,
04/06/1997,7,8,30,34,37,44,
11/06/1997,4,7,8,9,13,19,
18/06/1997,3,34,39,40,41,43,
25/06/1997,17,19,21,32,36,38,
02/07/1997,4,8,13,21,39,41,
09/07/1997,3,6,18,21,29,42,
16/07/1997,12,13,18,22,30,32,
23/07/1997,6,35,41,42,43,45,
30/07/1997,9,11,27,32,40,41,
06/08/1997,21,27,35,36,42,46,
13/08/1997,21,27,31,39,41,46,
20/08/1997,9,10,15,24,28,45,
27/08/1997,2,11,18,35,40,48,
03/09/1997,5,21,31,33,34,44,
10/09/1997,5,10,13,33,36,42,
17/09/1997,2,6,11,21,23,31,
24/09/1997,3,7,11,12,29,35,
01/10/1997,8,20,22,24,41,43,
08/10/1997,4,9,23,26,31,32,
15/10/1997,5,22,36,42,44,47,
22/10/1997,1,2,12,21,37,41,
29/10/1997,2,5,23,24,25,26,
03/12/1997,1,6,11,18,29,33,
10/12/1997,6,18,25,29,30,39,
17/12/1997,8,33,40,41,43,46,
24/12/1997,3,16,24,26,35,36,
31/12/1997,17,18,22,25,30,42,
07/01/1998,1,14,17,20,22,31,
14/01/1998,15,27,32,40,41,46,
21/01/1998,9,17,29,37,39,40,
28/01/1998,10,11,14,27,31,32,
04/02/1998,7,32,35,41,45,46,
11/02/1998,3,6,21,24,32,47,
18/02/1998,1,14,17,35,36,47,
25/02/1998,9,20,26,32,34,48,
04/03/1998,13,20,21,36,40,42,
11/03/1998,19,28,29,34,36,45,
18/03/1998,2,12,23,34,38,47,
25/03/1998,27,35,40,41,42,45,
01/04/1998,7,11,23,38,42,45,
08/04/1998,5,8,13,17,32,44,
15/04/1998,3,8,13,15,25,38,
22/04/1998,2,7,9,17,25,27,
29/04/1998,6,33,34,38,43,48,
06/05/1998,7,14,39,40,44,45,
13/05/1998,16,19,20,30,33,36,
20/05/1998,4,11,12,21,24,38,
27/05/1998,6,20,26,35,40,46,
03/06/1998,5,19,20,31,32,37,
10/06/1998,4,8,10,25,27,48,
17/06/1998,2,21,26,32,33,40,
24/06/1998,3,6,20,31,34,42,
01/07/1998,13,22,29,34,38,43,
08/07/1998,3,20,24,35,38,47,
15/07/1998,7,23,27,30,35,46,
22/07/1998,11,13,21,43,44,45,
29/07/1998,3,18,22,27,41,47,
05/08/1998,2,5,18,20,31,41,
12/08/1998,1,11,13,17,28,29,
19/08/1998,4,16,22,41,42,44,
26/08/1998,4,10,12,21,29,43,
02/09/1998,5,14,20,24,37,44,
09/09/1998,5,8,13,25,39,40,
16/09/1998,19,21,22,26,32,34,
23/09/1998,7,8,26,31,38,39,
30/09/1998,1,12,19,22,24,28,
07/10/1998,2,13,31,37,41,44,
14/10/1998,2,12,27,36,40,44,
21/10/1998,5,7,18,19,33,34,
28/10/1998,4,17,21,41,42,48,
04/11/1998,19,25,27,28,42,45,
11/11/1998,5,7,10,24,38,43,
18/11/1998,19,21,26,27,41,44,
25/11/1998,1,14,24,33,38,42,
02/12/1998,4,29,38,41,45,47,
09/12/1998,6,16,17,21,26,34,
16/12/1998,8,19,22,34,38,47,
23/12/1998,3,11,16,21,23,25,
30/12/1998,1,16,23,28,34,43,
06/01/1999,9,27,29,31,37,38,
13/01/1999,2,16,21,30,36,47,
20/01/1999,10,32,36,37,38,47,
27/01/1999,9,17,22,32,44,46,
03/02/1999,10,14,17,28,36,40,
10/02/1999,17,29,31,39,45,47,
17/02/1999,9,21,27,31,39,41,
24/02/1999,5,26,30,35,45,46,
03/03/1999,7,16,18,28,39,42,
10/03/1999,14,18,28,34,37,43,
17/03/1999,1,12,28,30,40,44,
24/03/1999,1,4,6,11,26,27,
31/03/1999,1,11,12,14,21,24,
07/04/1999,7,14,35,40,41,42,
14/04/1999,1,18,25,26,42,47,
21/04/1999,7,8,12,14,16,48,
28/04/1999,3,25,27,30,36,45,
05/05/1999,2,3,16,20,35,42,
12/05/1999,15,19,22,30,35,44,
19/05/1999,1,6,17,18,27,40,
26/05/1999,1,2,7,23,30,32,
02/06/1999,4,8,14,19,41,47,
09/06/1999,18,19,23,41,47,48,
16/06/1999,5,31,37,38,41,45,
23/06/1999,3,5,11,38,40,45,
30/06/1999,7,10,29,33,37,42,
07/07/1999,14,20,24,38,45,46,
14/07/1999,3,5,15,28,38,40,
21/07/1999,7,15,29,30,35,48,
28/07/1999,7,28,34,37,39,44,
04/08/1999,11,26,32,35,36,39,
11/08/1999,5,6,15,20,39,47,
18/08/1999,7,9,17,25,28,34,
25/08/1999,12,16,19,20,39,43,
01/09/1999,6,9,16,19,44,48,
08/09/1999,1,14,21,28,31,40,
15/09/1999,9,12,16,17,20,34,
22/09/1999,3,5,7,8,12,41,
29/09/1999,22,23,42,44,45,48,
06/10/1999,1,7,23,24,33,40,
13/10/1999,7,9,25,34,37,47,
20/10/1999,21,25,30,37,39,42,
27/10/1999,11,24,36,38,42,44,
03/11/1999,1,2,8,9,29,43,
10/11/1999,6,21,25,36,41,42,
17/11/1999,1,8,10,11,16,44,
24/11/1999,4,10,24,25,35,37,
01/12/1999,7,13,20,21,30,33,
08/12/1999,10,14,19,24,31,33,
15/12/1999,8,12,25,34,41,47,
22/12/1999,16,27,32,40,44,48,
29/12/1999,2,5,11,20,32,35,
05/01/2000,4,10,13,17,23,46,
12/01/2000,1,11,13,14,23,29,
19/01/2000,7,9,15,16,45,46,
26/01/2000,6,11,27,30,36,39,
02/02/2000,3,4,5,17,31,47,
09/02/2000,7,17,29,39,46,47,
16/02/2000,8,24,27,30,34,42,
23/02/2000,4,13,21,22,34,40,
01/03/2000,2,7,24,34,42,48,
08/03/2000,5,6,11,13,29,46,
15/03/2000,6,17,18,24,29,37,
22/03/2000,3,17,26,36,45,48,
29/03/2000,23,37,38,39,42,46,
05/04/2000,4,6,20,27,28,30,
12/04/2000,2,19,21,28,34,44,
19/04/2000,1,20,26,36,38,44,
26/04/2000,2,3,4,10,20,47,
03/05/2000,2,3,22,37,46,48,
10/05/2000,3,5,24,43,44,47,
17/05/2000,1,4,6,18,40,48,
24/05/2000,10,17,22,26,38,48,
31/05/2000,25,36,37,38,43,47,
07/06/2000,7,8,9,27,32,35,
14/06/2000,2,3,10,17,18,39,
21/06/2000,2,6,22,26,37,48,
28/06/2000,6,9,14,16,25,28,
05/07/2000,14,17,18,21,28,40,
12/07/2000,2,16,25,31,32,35,
19/07/2000,2,11,31,35,40,44,
26/07/2000,7,13,14,16,23,44,
02/08/2000,6,8,19,30,39,42,
09/08/2000,6,15,17,41,42,45,
16/08/2000,10,19,22,34,37,41,
23/08/2000,12,22,29,33,36,40,
30/08/2000,1,8,26,27,28,36,
06/09/2000,9,27,29,32,36,37,
13/09/2000,3,18,24,35,37,44,
20/09/2000,1,13,21,33,34,35,
27/09/2000,23,28,30,39,43,45,
04/10/2000,7,22,26,32,38,40,
11/10/2000,13,31,37,42,47,48,
18/10/2000,5,7,8,10,18,27,
25/10/2000,11,20,22,27,41,43,
01/11/2000,14,19,27,33,36,38,
08/11/2000,3,20,25,26,34,42,
15/11/2000,6,22,23,25,37,43,
22/11/2000,3,5,7,23,37,40,
29/11/2000,14,26,34,39,46,48,
06/12/2000,4,6,11,19,25,32,
13/12/2000,19,27,29,35,37,40,
20/12/2000,2,23,28,38,41,42,
27/12/2000,10,11,20,29,37,48,
03/01/2001,10,29,32,33,43,48,
10/01/2001,21,23,27,30,34,42,
17/01/2001,8,31,35,43,47,48,
24/01/2001,1,9,21,41,42,46,
31/01/2001,3,9,34,42,45,48,
07/02/2001,1,5,9,10,23,35,
14/02/2001,2,15,37,43,44,46,
21/02/2001,11,15,24,31,36,43,
28/02/2001,4,9,22,32,39,44,
07/03/2001,5,18,35,37,39,45,
14/03/2001,11,16,24,31,32,44,
21/03/2001,11,16,23,27,34,36,
28/03/2001,1,17,19,29,32,35,
04/04/2001,1,3,20,27,42,45,
11/04/2001,13,14,23,30,41,44,
18/04/2001,13,14,15,28,34,38,
25/04/2001,11,17,21,23,29,40,
02/05/2001,3,12,24,43,45,48,
09/05/2001,1,7,8,27,36,48,
16/05/2001,6,8,28,30,35,46,
23/05/2001,3,7,8,13,15,25,
30/05/2001,3,11,12,18,23,45,
06/06/2001,26,27,30,31,35,36,
13/06/2001,8,21,26,28,35,46,
20/06/2001,8,10,14,20,31,45,
27/06/2001,4,6,8,27,37,42,
04/07/2001,3,8,11,20,31,42,
11/07/2001,1,7,9,10,26,40,
18/07/2001,2,8,18,28,36,39,
25/07/2001,4,10,24,29,41,48,
01/08/2001,8,11,28,33,36,43,
08/08/2001,3,17,27,33,44,45,
15/08/2001,12,22,30,35,36,45,
22/08/2001,3,7,11,17,20,43,
29/08/2001,6,30,38,39,44,48,
05/09/2001,3,4,27,36,42,45,
12/09/2001,1,12,19,23,37,43,
19/09/2001,7,9,21,22,29,47,
26/09/2001,2,6,8,33,41,42,
03/10/2001,13,21,23,25,27,37,
10/10/2001,3,4,24,26,31,33,
17/10/2001,17,27,37,39,41,46,
24/10/2001,2,9,10,21,27,39,
31/10/2001,3,4,11,28,38,41,
07/11/2001,1,4,10,11,31,37,
14/11/2001,12,16,17,24,26,35,
21/11/2001,4,7,19,20,22,48,
28/11/2001,2,10,14,23,39,48,
05/12/2001,4,29,35,36,39,44,
12/12/2001,7,17,22,25,27,45,
19/12/2001,12,18,23,28,35,36,
26/12/2001,1,12,15,38,42,44,
02/01/2002,5,6,13,16,25,27,
09/01/2002,4,5,7,14,17,18,
16/01/2002,3,12,18,39,40,41,
23/01/2002,2,7,8,13,19,21,
30/01/2002,17,30,31,34,38,43,
06/02/2002,8,19,22,24,45,46,
13/02/2002,7,11,16,21,27,42,
20/02/2002,2,8,17,25,32,41,
27/02/2002,5,10,22,25,32,41,
06/03/2002,5,10,11,19,36,45,
13/03/2002,3,37,42,43,45,46,
20/03/2002,1,20,22,25,36,40,
27/03/2002,4,16,26,27,36,39,
03/04/2002,4,6,11,22,36,48,
10/04/2002,2,3,21,33,37,43,
17/04/2002,2,11,31,32,33,35,
24/04/2002,3,5,15,20,32,43,
01/05/2002,3,11,23,30,38,48,
08/05/2002,4,23,25,29,35,42,
15/05/2002,18,31,32,34,40,45,
22/05/2002,5,7,11,13,19,45,
29/05/2002,3,17,19,26,31,41,
05/06/2002,11,13,18,25,29,47,
12/06/2002,2,12,18,19,24,27,
19/06/2002,3,14,26,33,35,40,
26/06/2002,1,9,11,28,42,46,
03/07/2002,2,8,14,15,28,32,
10/07/2002,17,40,41,44,45,47,
17/07/2002,9,36,40,44,46,48,
24/07/2002,19,20,27,30,41,43,
31/07/2002,8,15,23,30,37,40,
07/08/2002,15,27,28,35,39,42,
14/08/2002,14,23,27,30,41,45,
21/08/2002,1,14,15,37,40,48,
28/08/2002,9,22,28,31,39,46,
04/09/2002,8,24,28,30,31,48,
11/09/2002,5,15,20,24,29,31,
18/09/2002,13,14,30,33,38,40,
25/09/2002,11,23,27,34,38,48,
02/10/2002,3,7,9,22,25,45,
09/10/2002,2,3,13,25,26,48,
16/10/2002,12,25,29,33,36,37,
23/10/2002,5,22,29,30,44,48,
30/10/2002,5,6,8,23,34,38,
06/11/2002,2,12,22,26,28,29,
13/11/2002,1,14,20,21,22,44,
20/11/2002,14,16,17,23,35,48,
27/11/2002,3,9,12,19,24,34,
04/12/2002,3,6,11,28,30,43,
11/12/2002,12,13,23,25,34,35,
18/12/2002,12,14,15,17,21,37,
26/12/2002,4,12,22,25,33,34,
01/01/2003,7,17,25,32,35,43,
08/01/2003,12,19,28,30,37,47,
15/01/2003,1,10,11,22,36,47,
22/01/2003,4,11,12,26,27,41,
29/01/2003,14,15,17,24,41,46,
05/02/2003,2,21,26,34,35,37,
12/02/2003,2,5,10,20,34,37,
19/02/2003,16,21,42,43,44,46,
26/02/2003,5,6,21,22,41,48,
05/03/2003,11,13,26,33,35,46,
12/03/2003,5,7,11,13,32,39,
19/03/2003,3,19,26,30,43,45,
26/03/2003,7,16,23,25,34,40,
02/04/2003,7,8,22,27,31,34,
09/04/2003,24,25,26,28,39,46,
16/04/2003,4,6,9,22,40,47,
23/04/2003,9,14,17,30,44,48,
30/04/2003,9,21,27,34,43,47,
07/05/2003,11,17,22,31,37,48,
14/05/2003,13,17,18,20,23,40,
21/05/2003,2,5,8,11,23,31,
28/05/2003,11,20,34,35,37,47,
04/06/2003,6,33,39,40,43,44,
11/06/2003,4,10,24,30,32,41,
18/06/2003,14,20,22,24,29,37,
25/06/2003,10,24,25,26,37,44,
02/07/2003,3,25,31,32,34,36,
09/07/2003,8,15,28,29,37,46,
16/07/2003,4,13,21,36,45,48,
23/07/2003,5,21,23,28,34,48,
30/07/2003,11,16,23,39,40,43,
06/08/2003,13,17,21,25,44,46,
13/08/2003,9,17,20,24,25,40,
20/08/2003,1,2,12,20,39,47,
27/08/2003,2,12,20,36,38,48,
03/09/2003,8,14,23,36,40,46,
10/09/2003,3,15,18,30,36,43,
17/09/2003,2,7,21,23,36,46,
24/09/2003,6,9,21,27,31,37,
01/10/2003,2,9,16,17,24,35,
08/10/2003,23,29,31,32,40,47,
15/10/2003,1,17,29,32,42,44,
22/10/2003,5,29,30,36,37,42,
29/10/2003,24,31,36,45,46,47,
05/11/2003,2,17,27,32,36,39,
12/11/2003,3,23,31,32,41,46,
19/11/2003,17,19,22,27,30,37,
26/11/2003,9,16,17,22,30,35,
03/12/2003,16,22,23,26,36,38,
10/12/2003,4,12,13,17,39,44,
17/12/2003,1,15,21,41,42,47,
24/12/2003,6,8,28,37,38,40,
31/12/2003,1,5,9,17,24,28,
07/01/2004,2,9,15,26,27,34,
14/01/2004,2,3,6,13,20,42,
21/01/2004,1,7,11,24,41,46,
28/01/2004,5,8,12,13,36,39,
04/02/2004,12,15,17,24,28,43,
11/02/2004,6,9,13,21,28,48,
18/02/2004,8,14,16,38,43,47,
25/02/2004,2,3,24,35,40,42,
03/03/2004,5,16,23,25,33,35,
10/03/2004,2,7,10,13,18,34,
17/03/2004,8,15,18,21,29,37,
24/03/2004,10,14,25,39,40,45,
31/03/2004,4,12,18,23,32,35,
07/04/2004,3,19,21,34,36,47,
14/04/2004,3,13,14,32,37,41,
21/04/2004,2,3,6,7,15,18,
28/04/2004,2,8,14,20,21,25,
05/05/2004,7,16,25,26,35,41,
12/05/2004,1,2,8,10,36,48,
19/05/2004,2,14,19,32,42,44,
26/05/2004,16,20,21,31,41,42,
02/06/2004,4,7,12,35,42,45,
09/06/2004,6,23,29,30,33,47,
16/06/2004,8,14,15,20,36,43,
23/06/2004,17,24,25,27,41,45,
30/06/2004,5,6,7,28,30,44,
07/07/2004,1,7,9,33,35,42,
14/07/2004,2,25,41,43,47,48,
21/07/2004,1,16,18,26,38,39,
28/07/2004,4,9,29,34,41,45,
04/08/2004,10,20,23,32,35,46,
11/08/2004,12,19,20,26,27,44,
18/08/2004,3,7,14,18,22,24,
25/08/2004,6,11,12,13,26,34,
01/09/2004,8,14,24,40,46,48,
08/09/2004,6,16,33,34,35,38,
15/09/2004,15,17,24,27,28,29,
22/09/2004,1,15,18,34,43,46,
29/09/2004,5,15,21,31,41,47,
06/10/2004,9,24,27,31,38,40,
13/10/2004,4,26,28,36,44,46,
20/10/2004,5,10,14,23,28,48,
27/10/2004,1,3,9,12,23,26,
03/11/2004,1,5,6,11,13,14,
10/11/2004,1,3,12,35,38,43,
17/11/2004,5,15,16,29,34,46,
24/11/2004,1,2,4,15,39,43,
01/12/2004,1,8,9,23,30,32,
08/12/2004,7,11,22,24,27,45,
15/12/2004,1,3,7,30,31,42,
22/12/2004,12,13,27,31,34,43,
29/12/2004,6,16,21,26,37,38,
05/01/2005,7,11,21,26,34,41,
12/01/2005,4,26,35,37,45,48,
19/01/2005,3,4,7,32,36,45,
26/01/2005,17,27,34,35,37,46,
02/02/2005,12,14,24,31,32,36,
09/02/2005,6,13,16,25,35,47,
16/02/2005,2,13,24,33,38,45,
23/02/2005,1,22,23,40,41,47,
02/03/2005,4,14,16,18,19,28,
09/03/2005,4,13,28,37,38,42,
16/03/2005,3,4,5,16,22,37,
23/03/2005,2,27,29,31,32,44,
30/03/2005,6,17,32,33,43,44,
06/04/2005,2,6,10,11,24,30,
13/04/2005,17,19,22,35,46,48,
20/04/2005,11,12,16,19,26,28,
27/04/2005,3,4,12,16,26,34,
04/05/2005,6,18,21,23,25,42,
11/05/2005,2,4,6,27,35,48,
18/05/2005,2,11,17,19,23,27,
25/05/2005,2,6,13,20,26,44,
01/06/2005,6,8,10,29,36,47,
08/06/2005,6,13,21,32,39,44,
15/06/2005,2,22,23,24,29,44,
22/06/2005,2,3,23,30,32,45,
29/06/2005,11,27,28,40,42,47,
06/07/2005,19,23,24,28,39,48,
13/07/2005,20,30,33,36,38,46,
20/07/2005,1,6,21,39,43,47,
27/07/2005,16,17,21,36,40,46,
03/08/2005,9,15,16,32,41,45,
10/08/2005,9,20,27,28,36,42,
17/08/2005,3,21,22,24,36,39,
24/08/2005,1,4,5,29,34,38,
31/08/2005,2,21,23,40,44,46,
07/09/2005,11,15,23,32,38,48,
14/09/2005,15,18,22,30,35,42,
21/09/2005,15,16,19,37,41,44,
28/09/2005,1,13,21,25,26,33,
05/10/2005,5,12,21,28,46,47,
12/10/2005,5,7,25,35,43,44,
19/10/2005,2,6,12,19,28,42,
26/10/2005,4,30,31,37,38,48,
02/11/2005,12,14,28,42,45,47,
09/11/2005,11,13,20,27,32,38,
16/11/2005,13,15,25,40,42,44,
23/11/2005,4,5,11,19,27,32,
30/11/2005,12,16,19,22,25,36,
07/12/2005,6,23,30,37,39,45,
14/12/2005,2,9,17,21,24,27,
21/12/2005,6,13,15,20,30,35,
28/12/2005,6,9,26,29,40,41,
04/01/2006,17,19,22,38,41,44,
11/01/2006,19,22,23,37,38,40,
18/01/2006,3,9,18,24,28,32,
25/01/2006,2,4,7,18,21,34,
01/02/2006,5,12,17,28,31,43,
08/02/2006,7,10,17,32,35,47,
15/02/2006,7,20,23,25,26,43,
22/02/2006,4,20,27,42,43,47,
01/03/2006,7,20,25,28,29,48,
08/03/2006,1,3,20,22,37,43,
15/03/2006,22,34,35,39,44,46,
22/03/2006,1,8,12,16,18,44,
29/03/2006,17,18,33,34,41,47,
05/04/2006,1,9,15,29,31,37,
12/04/2006,8,13,16,28,33,37,
19/04/2006,2,5,22,42,47,48,
26/04/2006,1,24,33,36,42,47,
03/05/2006,17,26,30,35,38,48,
10/05/2006,16,18,23,32,41,43,
17/05/2006,13,17,28,39,45,46,
24/05/2006,1,13,19,38,39,41,
31/05/2006,1,3,18,29,33,46,
07/06/2006,9,10,16,19,25,40,
14/06/2006,7,16,19,27,36,48,
21/06/2006,12,13,22,33,38,45,
28/06/2006,12,17,21,23,25,39,
05/07/2006,1,8,26,33,44,46,
12/07/2006,2,4,21,44,46,48,
19/07/2006,1,9,24,25,35,36,
26/07/2006,7,25,37,40,44,46,
02/08/2006,1,20,21,41,44,45,
09/08/2006,6,18,20,26,30,31,
16/08/2006,1,5,7,35,43,47,
23/08/2006,3,6,13,20,26,46,
30/08/2006,5,22,23,27,37,38,
06/09/2006,6,22,23,33,35,37,
13/09/2006,7,9,10,23,39,40,
20/09/2006,13,16,23,34,36,39,
27/09/2006,7,19,28,29,30,35,
04/10/2006,1,12,19,28,29,32,
11/10/2006,19,24,25,37,40,48,
18/10/2006,7,11,13,16,27,47,
25/10/2006,3,4,6,38,39,42,
01/11/2006,4,14,16,32,45,48,
08/11/2006,11,14,39,46,47,48,
15/11/2006,2,19,27,37,44,47,
22/11/2006,9,27,30,31,32,34,
29/11/2006,2,30,31,38,43,45,
06/12/2006,1,10,11,20,41,45,
13/12/2006,3,6,18,24,31,43,
20/12/2006,3,19,22,33,35,42,
27/12/2006,1,32,33,36,39,45,
03/01/2007,2,17,21,34,39,40,
10/01/2007,5,35,36,41,42,43,
17/01/2007,4,13,22,25,41,47,
24/01/2007,3,19,23,24,28,41,
31/01/2007,4,20,22,39,42,47,
07/02/2007,1,14,30,35,38,40,
14/02/2007,4,15,34,35,46,48,
21/02/2007,10,25,28,31,43,46,
28/02/2007,16,17,26,29,33,42,
07/03/2007,3,19,32,34,36,45,
14/03/2007,1,9,12,27,43,45,
21/03/2007,3,18,26,38,45,46,
28/03/2007,3,6,15,21,41,47,
04/04/2007,16,29,36,37,44,45,
11/04/2007,15,16,24,38,40,43,
18/04/2007,5,7,14,15,25,35,
25/04/2007,2,14,28,30,33,35,
02/05/2007,1,16,17,19,36,41,
09/05/2007,2,3,12,13,28,36,
16/05/2007,4,7,27,36,40,46,
23/05/2007,17,18,27,39,41,42,
30/05/2007,14,23,30,36,41,48,
06/06/2007,9,19,26,34,38,45,
13/06/2007,6,15,19,27,29,41,
20/06/2007,4,8,9,17,32,45,
27/06/2007,3,13,28,31,37,42,
04/07/2007,4,15,16,22,37,42,
11/07/2007,7,29,35,38,40,44,
18/07/2007,2,12,27,28,29,32,
25/07/2007,13,27,28,39,42,48,
01/08/2007,1,21,28,36,44,47,
08/08/2007,14,15,20,29,36,41,
15/08/2007,2,7,15,29,40,43,
22/08/2007,13,31,34,35,40,44,
29/08/2007,15,16,17,21,43,46,
05/09/2007,3,20,24,32,34,48,
12/09/2007,3,21,22,24,26,47,
19/09/2007,5,8,14,33,35,36,
26/09/2007,16,30,31,35,44,46,
03/10/2007,1,3,10,27,28,46,
10/10/2007,3,7,17,18,26,30,
17/10/2007,11,27,29,31,44,48,
24/10/2007,6,7,17,26,36,43,
31/10/2007,1,6,18,20,30,42,
07/11/2007,7,10,28,32,33,43,
14/11/2007,8,20,22,33,39,45,
21/11/2007,4,10,15,26,42,43,
28/11/2007,5,8,11,21,27,45,
05/12/2007,8,17,19,26,30,32,
12/12/2007,2,9,14,34,35,46,
19/12/2007,13,18,20,22,32,36,
26/12/2007,4,8,9,11,26,46,
02/01/2008,4,10,21,28,34,42,
09/01/2008,1,6,27,30,31,44,
16/01/2008,5,17,18,23,25,36,
23/01/2008,3,9,15,23,30,34,
30/01/2008,15,21,32,39,46,47,
06/02/2008,1,11,16,18,30,36,
13/02/2008,9,12,15,25,38,43,
20/02/2008,2,3,15,22,44,45,
27/02/2008,3,7,21,24,26,37,
05/03/2008,4,5,14,18,29,42,
12/03/2008,7,9,15,27,33,34,
19/03/2008,2,15,16,25,37,40,
26/03/2008,13,19,38,40,41,44,
02/04/2008,8,27,29,41,43,44,
09/04/2008,1,8,24,27,34,43,
16/04/2008,5,22,23,27,37,45,
23/04/2008,12,35,37,38,43,45,
30/04/2008,5,6,12,20,21,36,
07/05/2008,10,13,14,15,26,27,
14/05/2008,4,5,8,16,26,42,
21/05/2008,8,13,19,23,25,28,
28/05/2008,8,12,25,29,36,39,
04/06/2008,4,7,22,28,31,46,
11/06/2008,9,18,31,33,45,48,
18/06/2008,5,26,27,32,36,48,
25/06/2008,2,8,16,19,41,45,
02/07/2008,36,37,39,43,44,47,
09/07/2008,12,13,20,27,36,41,
16/07/2008,4,19,22,37,40,43,
23/07/2008,1,11,14,18,23,46,
30/07/2008,7,11,16,20,39,46,
06/08/2008,9,10,19,31,40,47,
13/08/2008,2,16,25,30,41,42,
20/08/2008,7,22,35,38,41,48,
27/08/2008,8,14,15,35,44,47,
03/09/2008,17,23,27,31,43,48,
10/09/2008,8,12,18,23,34,45,
17/09/2008,8,24,26,32,38,39,
24/09/2008,7,16,19,41,46,47,
01/10/2008,1,2,20,22,41,42,
08/10/2008,2,4,25,38,42,48,
15/10/2008,5,8,9,13,30,47,
22/10/2008,6,11,14,19,26,30,
29/10/2008,10,11,14,20,27,46,
05/11/2008,9,12,28,35,36,42,
12/11/2008,19,21,25,32,40,42,
19/11/2008,9,21,26,29,33,47,
26/11/2008,5,10,18,21,26,31,
03/12/2008,9,23,30,36,43,48,
10/12/2008,1,18,24,33,44,47,
17/12/2008,5,10,17,20,45,46,
24/12/2008,6,8,13,25,27,32,
31/12/2008,3,9,16,22,30,37,
07/01/2009,4,17,18,28,40,42,
14/01/2009,7,8,13,20,27,36,
21/01/2009,9,10,16,18,27,45,
28/01/2009,2,8,11,23,37,47,
04/02/2009,4,11,27,29,31,33,
11/02/2009,2,15,16,27,31,43,
18/02/2009,5,12,18,20,34,41,
25/02/2009,6,13,14,27,34,42,
04/03/2009,18,28,38,41,42,44,
11/03/2009,2,9,14,16,30,41,
18/03/2009,15,16,18,37,41,42,
25/03/2009,8,14,20,32,41,43,
01/04/2009,1,9,16,24,37,38,
08/04/2009,9,10,29,30,34,35,
15/04/2009,10,17,37,40,43,46,
22/04/2009,2,8,13,39,43,47,
29/04/2009,1,9,15,16,33,48,
06/05/2009,1,6,22,30,37,43,
13/05/2009,3,6,9,28,40,48,
20/05/2009,10,11,16,18,36,45,
27/05/2009,11,19,35,36,37,42,
03/06/2009,2,11,19,32,43,44,
10/06/2009,4,13,42,43,47,48,
17/06/2009,5,15,16,26,42,47,
24/06/2009,5,12,18,23,42,43,
01/07/2009,2,20,23,30,36,45,
08/07/2009,11,14,20,28,29,42,
15/07/2009,1,9,26,34,38,44,
22/07/2009,9,12,16,29,33,38,
29/07/2009,6,14,16,17,43,45,
05/08/2009,1,7,17,36,37,44,
12/08/2009,28,34,35,37,39,45,
19/08/2009,2,4,6,8,38,47,
26/08/2009,6,11,18,28,39,43,
02/09/2009,6,11,14,40,41,44,
09/09/2009,3,23,31,32,41,48,
16/09/2009,3,9,12,20,31,41,
23/09/2009,10,27,28,38,39,42,
30/09/2009,3,4,9,16,34,48,
07/10/2009,2,13,19,28,29,40,
14/10/2009,9,15,21,23,38,40,
21/10/2009,17,19,20,22,45,46,
28/10/2009,3,11,22,24,44,48,
04/11/2009,2,4,9,14,21,43,
11/11/2009,7,8,19,30,41,43,
18/11/2009,14,15,16,22,31,36,
25/11/2009,2,6,19,34,47,48,
02/12/2009,12,18,22,29,31,34,
09/12/2009,8,13,16,25,31,41,
16/12/2009,7,33,34,38,41,43,
23/12/2009,18,25,27,29,44,46,
30/12/2009,15,18,22,26,32,43,
06/01/2010,20,23,24,39,45,46,
13/01/2010,10,19,36,40,45,46,
20/01/2010,10,24,33,37,38,41,
27/01/2010,13,15,17,26,29,39,
03/02/2010,8,20,21,40,41,44,
10/02/2010,1,2,7,23,29,42,
17/02/2010,9,21,23,35,38,45,
24/02/2010,2,4,8,15,25,26,
03/03/2010,2,8,34,39,41,46,
10/03/2010,9,22,33,36,37,38,
17/03/2010,5,6,36,37,38,43,
24/03/2010,10,16,27,35,41,47,
31/03/2010,2,5,12,32,39,45,
07/04/2010,3,4,13,33,40,43,
14/04/2010,9,10,13,19,24,26,
21/04/2010,6,11,22,30,38,43,
28/04/2010,5,24,28,41,47,48,
05/05/2010,3,5,20,38,45,46,
12/05/2010,6,10,31,34,42,43,
19/05/2010,3,5,15,23,30,46,
26/05/2010,3,8,10,23,35,41,
02/06/2010,5,6,17,19,43,45,
09/06/2010,28,31,39,40,43,47,
16/06/2010,5,6,19,27,40,47,
23/06/2010,21,24,36,38,45,48,
30/06/2010,1,9,21,29,30,43,
07/07/2010,6,8,26,30,33,47,
14/07/2010,2,3,4,23,35,43,
21/07/2010,5,9,10,17,34,35,
28/07/2010,5,8,24,26,29,44,
04/08/2010,17,25,33,41,43,44,
11/08/2010,9,17,19,31,36,45,
18/08/2010,6,11,24,34,36,41,
25/08/2010,8,31,37,39,43,44,
01/09/2010,2,13,15,24,26,46,
08/09/2010,3,10,28,30,39,43,
15/09/2010,3,30,31,32,33,34,
22/09/2010,10,12,19,23,36,42,
29/09/2010,3,22,25,27,36,39,
06/10/2010,18,24,26,31,37,40,
13/10/2010,2,10,11,31,32,44,
20/10/2010,4,10,17,40,45,47,
27/10/2010,17,22,24,32,47,48,
03/11/2010,7,12,13,17,21,38,
10/11/2010,4,15,20,23,24,27,
17/11/2010,1,11,25,28,32,45,
24/11/2010,3,16,18,33,37,45,
01/12/2010,10,14,21,29,31,48,
08/12/2010,4,12,20,26,30,40,
15/12/2010,20,26,33,34,43,45,
22/12/2010,2,3,14,27,30,48,
29/12/2010,3,5,10,16,33,34,
05/01/2011,6,10,11,21,44,47,
12/01/2011,2,12,31,32,41,46,
19/01/2011,1,4,25,32,33,34,
26/01/2011,4,18,25,29,39,47,
02/02/2011,8,18,28,32,42,44,
09/02/2011,1,14,18,20,25,41,
16/02/2011,7,11,25,27,37,47,
23/02/2011,13,18,25,30,37,40,
02/03/2011,3,4,11,14,18,31,
09/03/2011,3,7,8,31,35,37,
16/03/2011,5,22,25,36,37,47,
23/03/2011,10,12,15,40,42,45,
30/03/2011,22,30,31,34,41,48,
06/04/2011,6,8,13,18,27,37,
13/04/2011,3,5,11,19,30,31,
20/04/2011,4,6,22,24,29,47,
27/04/2011,3,15,27,30,44,46,
04/05/2011,11,17,23,24,27,48,
11/05/2011,9,31,33,37,46,48,
18/05/2011,15,34,36,43,44,47,
25/05/2011,1,5,9,21,31,32,
01/06/2011,12,14,19,41,42,44,
08/06/2011,11,17,18,25,35,44,
15/06/2011,9,28,34,38,42,44,
22/06/2011,1,3,14,18,21,48,
29/06/2011,6,28,32,40,42,48,
06/07/2011,2,6,8,18,37,48,
13/07/2011,3,5,7,12,15,18,
20/07/2011,2,3,4,21,30,32,
27/07/2011,9,13,14,33,38,41,
03/08/2011,6,13,18,34,35,45,
10/08/2011,9,22,23,33,42,47,
17/08/2011,1,9,38,41,43,48,
24/08/2011,2,8,24,28,33,35,
31/08/2011,2,16,19,23,31,32,
07/09/2011,10,25,30,33,44,46,
14/09/2011,2,9,16,17,38,42,
21/09/2011,2,7,13,26,30,42,
28/09/2011,5,19,25,26,41,46,
05/10/2011,13,17,19,20,28,34,
12/10/2011,3,14,16,24,34,45,
19/10/2011,2,13,14,26,32,45,
26/10/2011,10,14,31,32,42,47,
02/11/2011,5,14,16,24,38,46,
09/11/2011,2,4,14,24,27,46,
16/11/2011,3,4,7,8,34,39,
23/11/2011,9,16,22,24,41,47,
30/11/2011,3,8,10,27,30,41,
07/12/2011,1,22,32,42,44,46,
14/12/2011,2,11,34,36,44,48,
21/12/2011,12,17,23,35,40,44,
28/12/2011,4,14,30,40,44,45,
04/01/2012,6,8,13,26,29,45,
11/01/2012,4,14,17,38,39,42,
18/01/2012,23,25,26,31,36,45,
25/01/2012,27,31,35,36,40,48,
01/02/2012,17,20,25,39,41,48,
08/02/2012,5,11,13,20,29,44,
15/02/2012,2,3,7,14,32,39,
22/02/2012,1,10,14,18,42,48,
29/02/2012,3,10,18,29,41,45,
07/03/2012,16,38,44,46,47,48,
14/03/2012,3,22,25,32,43,46,
21/03/2012,8,13,17,22,29,32,
28/03/2012,7,16,27,28,35,45,
04/04/2012,23,24,34,37,39,44,
11/04/2012,5,27,33,40,45,47,
18/04/2012,9,32,34,39,43,44,
25/04/2012,7,9,18,19,35,40,
02/05/2012,2,7,12,17,23,39,
09/05/2012,14,20,36,37,42,46,
16/05/2012,5,7,25,34,41,45,
23/05/2012,11,21,23,42,44,47,
30/05/2012,12,36,37,39,42,48,
06/06/2012,4,5,12,42,46,48,
13/06/2012,6,20,22,32,37,46,
20/06/2012,2,6,10,31,34,37,
27/06/2012,1,12,15,20,32,48,
04/07/2012,9,10,12,18,23,36,
11/07/2012,1,2,13,18,23,40,
18/07/2012,3,7,12,20,26,39,
25/07/2012,10,13,18,25,30,41,
01/08/2012,6,11,19,21,24,41,
08/08/2012,23,28,37,39,42,45,
15/08/2012,1,10,16,17,31,46,
22/08/2012,5,12,13,36,38,41,
29/08/2012,16,21,34,36,43,47,
05/09/2012,5,7,9,19,27,32,
12/09/2012,1,3,11,16,37,43,
19/09/2012,5,7,8,16,36,37,
26/09/2012,3,15,17,18,34,48,
03/10/2012,9,12,24,31,34,47,
10/10/2012,3,7,29,34,41,44,
17/10/2012,1,3,4,13,27,31,
24/10/2012,14,15,25,30,44,47,
31/10/2012,2,12,17,18,22,34,
07/11/2012,5,17,20,22,36,38,
14/11/2012,4,18,20,25,37,38,
21/11/2012,26,29,38,39,41,44,
28/11/2012,2,15,26,29,43,48,
05/12/2012,1,13,16,34,43,46,
12/12/2012,4,6,11,17,36,37,
19/12/2012,10,16,31,42,45,46,
26/12/2012,5,8,10,24,30,33,
02/01/2013,1,10,13,17,23,43,
09/01/2013,15,21,34,36,39,43,
16/01/2013,1,15,18,26,36,45,
23/01/2013,4,13,21,31,44,47,
30/01/2013,4,20,28,34,47,48,
06/02/2013,5,19,26,27,37,45,
13/02/2013,2,15,20,32,33,47,
20/02/2013,7,8,9,13,31,38,
27/02/2013,6,15,18,23,26,37,
06/03/2013,9,10,20,40,41,42,
13/03/2013,2,16,20,33,34,39,
20/03/2013,17,25,28,29,38,42,
27/03/2013,2,8,15,22,24,25,
03/04/2013,2,7,8,14,30,44,
10/04/2013,2,4,11,25,34,46,
17/04/2013,8,28,30,39,43,45,
24/04/2013,27,37,42,43,45,47,
01/05/2013,7,16,26,27,39,46,
08/05/2013,6,8,15,16,32,46,
15/05/2013,13,15,27,28,38,39,
22/05/2013,7,10,24,26,29,43,
29/05/2013,5,9,11,13,18,47,
05/06/2013,1,8,21,32,42,43,
12/06/2013,5,15,16,25,34,41,
19/06/2013,4,13,26,29,44,47,
26/06/2013,17,22,25,32,39,43,
03/07/2013,2,6,7,8,14,31,
10/07/2013,17,19,21,25,30,37,
17/07/2013,10,17,20,22,34,38,
24/07/2013,4,27,31,33,36,48,
31/07/2013,12,18,24,36,38,40,
07/08/2013,6,8,9,10,23,34,
14/08/2013,2,6,14,20,22,33,
21/08/2013,4,16,21,32,40,45,
28/08/2013,6,25,28,38,39,46,
04/09/2013,8,12,13,14,33,47,
11/09/2013,3,8,25,32,34,45,
18/09/2013,2,4,16,21,27,36,
25/09/2013,2,5,19,28,33,46,
02/10/2013,1,5,8,16,21,30,
09/10/2013,8,21,26,33,35,43,
16/10/2013,1,6,7,10,35,37,
23/10/2013,10,32,33,34,37,48,
30/10/2013,7,9,14,26,33,44,
06/11/2013,1,9,21,35,37,46,
13/11/2013,2,3,13,38,40,46,
20/11/2013,2,4,6,14,30,39,
27/11/2013,6,8,9,13,27,40,
04/12/2013,2,7,16,21,24,37,
11/12/2013,3,6,7,13,34,35,
18/12/2013,7,8,18,36,37,47,
25/12/2013,5,7,13,29,33,39,
01/01/2014,11,13,14,17,37,42,
08/01/2014,9,23,25,30,34,44,
15/01/2014,6,12,21,26,46,48,
22/01/2014,11,27,32,34,37,42,
29/01/2014,1,5,11,23,33,41,
05/02/2014,7,19,20,23,27,41,
12/02/2014,3,15,17,27,44,46,
19/02/2014,2,3,5,12,28,31,
26/02/2014,8,9,11,23,36,42,
05/03/2014,3,5,21,24,28,44,
12/03/2014,16,23,26,31,39,43,
19/03/2014,8,17,30,34,42,44,
26/03/2014,6,9,13,18,22,27,
02/04/2014,6,9,12,25,27,42,
09/04/2014,10,15,21,30,38,41,
16/04/2014,18,19,27,29,40,46,
23/04/2014,10,14,15,19,27,47,
30/04/2014,9,15,17,37,44,45,
07/05/2014,8,20,23,24,30,37,
14/05/2014,11,29,33,38,43,44,
21/05/2014,2,6,9,28,37,45,
28/05/2014,2,13,16,24,38,39,
04/06/2014,4,17,24,25,28,29,
11/06/2014,8,26,36,40,47,48,
18/06/2014,2,5,19,25,27,46,
25/06/2014,1,7,15,20,24,37,
02/07/2014,3,4,13,14,30,32,
09/07/2014,5,26,27,30,39,45,
16/07/2014,1,20,21,25,29,30,
23/07/2014,16,17,23,25,37,39,
30/07/2014,15,22,28,29,31,32,
06/08/2014,25,27,41,43,46,47,
13/08/2014,2,4,11,17,31,45,
20/08/2014,5,10,17,27,33,45,
27/08/2014,10,15,21,33,37,46,
03/09/2014,2,17,25,27,31,37,
10/09/2014,3,17,20,21,31,45,
17/09/2014,8,9,13,20,39,41,
24/09/2014,4,6,24,30,32,48,
01/10/2014,15,32,36,37,45,46,
08/10/2014,9,11,30,37,44,46,
15/10/2014,2,3,21,28,33,42,
22/10/2014,2,14,16,17,25,31,
29/10/2014,10,12,15,18,41,43,
05/11/2014,2,6,25,39,40,44,
12/11/2014,15,30,32,40,41,45,
19/11/2014,24,27,28,31,35,38,
26/11/2014,2,3,8,11,14,43,
03/12/2014,1,4,13,17,32,34,
10/12/2014,3,9,14,19,34,40,
17/12/2014,7,13,22,26,42,48,
24/12/2014,2,5,7,28,39,42,
31/12/2014,6,17,19,38,39,46,
07/01/2015,7,12,26,32,42,46,
14/01/2015,8,16,22,24,45,46,
21/01/2015,8,13,30,36,43,45,
28/01/2015,2,9,10,18,25,31,
04/02/2015,2,17,19,25,41,45,
11/02/2015,4,6,10,23,29,30,
18/02/2015,5,22,29,34,45,48,
25/02/2015,5,11,12,20,26,47,
04/03/2015,6,10,12,28,33,48,
11/03/2015,8,13,20,23,37,38,
18/03/2015,14,16,25,30,31,42,
25/03/2015,3,6,14,28,32,35,
01/04/2015,2,11,20,21,24,34,
08/04/2015,4,10,21,25,29,32,
15/04/2015,3,13,19,23,32,43,
22/04/2015,9,13,14,19,22,27,
29/04/2015,11,12,13,16,28,34,
06/05/2015,16,19,24,34,36,46,
13/05/2015,11,19,30,40,43,47,
20/05/2015,7,19,28,34,39,42,
27/05/2015,3,8,16,20,32,34,
03/06/2015,8,27,37,39,43,46,
10/06/2015,7,16,26,27,32,36,
17/06/2015,17,23,32,33,41,42,
24/06/2015,7,10,16,34,37,38,
01/07/2015,2,21,26,31,39,41,
08/07/2015,1,25,28,29,42,43,
15/07/2015,13,14,15,18,23,46,
22/07/2015,5,8,10,13,16,23,
29/07/2015,6,14,17,23,26,32,
05/08/2015,7,9,27,31,41,47,
12/08/2015,2,3,14,15,24,28,
19/08/2015,1,16,26,35,41,45,
26/08/2015,11,27,29,37,44,45,
02/09/2015,2,20,21,43,46,48,
09/09/2015,12,15,17,19,20,32,
16/09/2015,1,4,14,21,24,46,
23/09/2015,5,7,10,13,31,34,
30/09/2015,1,7,17,28,33,46,
07/10/2015,3,5,24,25,30,31,
14/10/2015,5,7,27,41,46,47,
21/10/2015,12,17,30,32,41,42,
28/10/2015,1,13,22,41,42,43,
04/11/2015,3,10,12,20,27,43,
11/11/2015,8,18,19,39,41,44,
18/11/2015,11,18,22,24,39,46,
25/11/2015,3,4,14,17,22,35,
02/12/2015,4,7,10,41,42,44,
09/12/2015,5,14,23,25,32,45,
16/12/2015,15,32,40,43,45,46,
23/12/2015,7,9,20,22,27,30,
30/12/2015,9,16,24,39,43,47,
06/01/2016,4,29,32,35,36,47,
13/01/2016,5,6,13,18,19,33,
20/01/2016,1,2,20,25,31,34,
27/01/2016,11,27,29,33,40,41,
03/02/2016,19,23,31,40,43,48,
10/02/2016,3,4,21,30,31,42,
17/02/2016,6,14,19,29,31,35,
24/02/2016,1,2,6,15,38,47,
02/03/2016,18,33,37,40,45,46,
09/03/2016,6,14,33,38,40,42,
16/03/2016,11,12,37,40,45,47,
23/03/2016,13,15,22,24,37,44,
30/03/2016,6,7,9,19,23,42,
06/04/2016,2,7,31,36,40,43,
13/04/2016,6,13,23,26,35,41,
20/04/2016,11,15,17,26,37,43,
27/04/2016,8,13,15,22,24,48,
04/05/2016,3,9,13,18,46,47,
11/05/2016,4,8,19,20,30,38,
18/05/2016,4,14,23,31,39,46,
25/05/2016,4,6,8,13,40,47,
01/06/2016,4,7,11,14,28,37,
08/06/2016,10,11,21,22,45,47,
15/06/2016,5,15,33,42,45,48,
22/06/2016,4,22,27,30,34,47,
29/06/2016,10,22,23,35,37,45,
06/07/2016,1,11,16,21,31,39,
13/07/2016,1,2,14,25,32,36,
20/07/2016,18,22,28,29,39,41,
27/07/2016,10,14,16,18,30,38,
03/08/2016,4,10,13,14,25,35,
10/08/2016,8,16,21,28,31,32,
17/08/2016,2,3,8,23,24,48,
24/08/2016,9,16,23,43,45,48,
31/08/2016,9,15,18,31,46,48,
07/09/2016,1,9,14,15,27,36,
14/09/2016,7,8,19,28,43,44,
21/09/2016,13,14,31,35,40,41,
28/09/2016,6,19,23,26,31,38,
05/10/2016,2,9,13,21,26,39,
12/10/2016,9,16,27,41,43,48,
19/10/2016,1,2,5,10,20,29,
26/10/2016,10,27,35,43,46,48,
02/11/2016,14,17,19,23,24,39,
09/11/2016,14,15,17,23,26,33,
16/11/2016,8,13,23,36,43,44,
23/11/2016,4,12,19,27,36,45,
30/11/2016,1,8,17,23,43,45,
07/12/2016,2,21,28,36,43,48,
14/12/2016,2,6,18,26,27,40,
21/12/2016,2,15,33,34,37,38,
28/12/2016,8,13,16,23,31,40,
04/01/2017,1,16,33,34,41,43,
11/01/2017,4,12,16,21,31,43,
18/01/2017,2,7,22,25,42,46,
25/01/2017,23,29,42,43,47,48,
01/02/2017,4,7,22,25,34,35,
08/02/2017,2,9,15,34,35,36,
15/02/2017,11,12,31,33,43,47,
22/02/2017,3,14,16,17,24,40,
01/03/2017,4,14,28,32,34,42,
08/03/2017,3,11,17,19,20,39,
15/03/2017,19,23,25,36,42,46,
22/03/2017,10,15,23,28,36,40,
29/03/2017,17,21,22,31,34,40,
05/04/2017,5,8,26,30,41,45,
12/04/2017,11,14,22,28,29,39,
19/04/2017,3,11,17,20,31,32,
26/04/2017,5,8,12,21,36,41,
03/05/2017,10,13,23,27,28,44,
10/05/2017,15,34,36,40,42,48,
17/05/2017,26,31,33,35,38,47,
24/05/2017,12,28,29,42,46,48,
31/05/2017,14,25,29,37,41,44,
07/06/2017,2,7,20,25,32,44,
14/06/2017,1,4,8,18,27,30,
21/06/2017,4,14,15,21,26,30,
28/06/2017,1,3,13,19,37,45,
05/07/2017,6,11,18,29,32,47,
12/07/2017,1,17,25,28,40,43,
19/07/2017,1,15,19,20,43,46,
26/07/2017,11,12,30,37,40,47,
02/08/2017,1,6,18,20,23,33,
09/08/2017,3,4,12,16,32,39,
16/08/2017,11,19,21,23,40,41,
23/08/2017,17,18,22,26,33,34,
30/08/2017,13,26,28,32,35,42,
07/06/2017,2,7,20,25,32,44,7
14/06/2017,1,4,8,18,27,30,5
21/06/2017,4,14,15,21,26,30,1
28/06/2017,1,3,13,19,37,45,1
05/07/2017,6,11,18,29,32,47,4
12/07/2017,1,17,25,28,40,43,1
19/07/2017,1,15,19,20,43,46,1
26/07/2017,11,12,30,37,40,47,1
02/08/2017,1,6,18,20,23,33,3
09/08/2017,3,4,12,16,32,39,2
16/08/2017,11,19,21,23,40,41,1
23/08/2017,17,18,22,26,33,34,7
30/08/2017,13,26,28,32,35,42,1
06/09/2017,12,22,30,37,41,44,6
13/09/2017,13,15,21,23,28,34,1
20/09/2017,6,13,23,27,37,46,6
27/09/2017,4,6,11,20,44,47,1
04/10/2017,5,15,19,40,41,47,1
11/10/2017,16,23,24,27,29,37,6
18/10/2017,9,20,31,33,41,47,7
25/10/2017,2,12,24,34,38,42,3
01/11/2017,1,12,14,15,34,44,8
08/11/2017,5,10,16,24,32,37,3
15/11/2017,2,15,30,35,37,45,8
22/11/2017,9,25,26,35,41,48,8
29/11/2017,17,21,24,27,31,38,8
06/12/2017,5,8,9,21,34,47,7
13/12/2017,2,9,26,28,32,37,4
20/12/2017,4,17,34,39,45,48,2
27/12/2017,2,6,7,12,22,26,1
03/01/2018,4,24,25,27,37,38,2
10/01/2018,2,9,19,28,33,43,4
17/01/2018,9,10,13,14,36,40,5
24/01/2018,2,16,27,33,38,41,8
31/01/2018,15,16,33,34,38,45,7
07/02/2018,5,8,13,21,32,44,6
14/02/2018,2,8,10,31,33,45,1
21/02/2018,16,24,32,33,46,47,8
28/02/2018,11,31,36,41,42,47,6
07/03/2018,11,17,26,33,34,48,2
14/03/2018,6,11,17,26,36,42,7
21/03/2018,4,10,17,21,32,41,6
28/03/2018,1,2,11,23,40,45,8
04/04/2018,3,5,7,8,14,21,3
11/04/2018,3,11,14,30,34,47,1
18/04/2018,7,24,25,27,29,42,3
25/04/2018,6,13,23,24,31,35,1
02/05/2018,2,5,13,15,45,47,6
09/05/2018,9,10,16,25,29,30,4
16/05/2018,22,32,34,38,39,40,5
23/05/2018,21,22,24,29,41,44,6
30/05/2018,8,15,17,20,40,47,5
06/06/2018,11,19,22,32,35,46,5
13/06/2018,2,27,28,38,46,48,8
20/06/2018,8,20,27,28,42,47,7
27/06/2018,3,8,9,13,35,42,4
04/07/2018,7,8,16,25,35,40,5
11/07/2018,3,15,30,32,33,45,2
18/07/2018,8,15,23,27,31,36,2
25/07/2018,20,22,25,28,43,44,4
01/08/2018,12,13,20,25,44,46,7
08/08/2018,14,24,30,38,39,47,6
15/08/2018,1,9,15,21,29,39,1
22/08/2018,2,11,14,19,37,39,6
29/08/2018,5,23,25,27,32,40,5
05/09/2018,6,8,25,26,27,45,7
12/09/2018,1,2,21,31,46,47,4
19/09/2018,3,4,9,13,27,45,1
26/09/2018,16,17,21,24,29,30,4
03/10/2018,10,20,22,28,29,37,1
10/10/2018,4,6,9,23,36,44,2
17/10/2018,1,14,15,22,23,33,3
24/10/2018,13,18,22,33,34,44,6
31/10/2018,1,9,13,20,34,43,8
07/11/2018,2,14,21,42,46,48,8
14/11/2018,15,17,32,38,39,42,7
21/11/2018,3,9,30,32,40,43,2
28/11/2018,3,10,16,17,29,30,2
05/12/2018,5,14,16,21,31,41,7
12/12/2018,17,23,25,29,30,43,2
19/12/2018,7,20,26,29,39,42,5
26/12/2018,1,6,21,27,39,48,2
02/01/2019,15,25,26,41,45,46,4
09/01/2019,3,9,16,40,41,44,1
16/01/2019,5,9,12,20,26,33,5
23/01/2019,13,15,17,37,44,46,8
30/01/2019,3,11,18,21,36,45,4
06/02/2019,3,4,8,13,32,37,8
13/02/2019,1,10,14,25,27,35,4
20/02/2019,1,10,11,12,24,43,5
27/02/2019,4,13,21,35,39,46,6
06/03/2019,1,6,22,23,28,32,7
13/03/2019,8,9,15,22,31,32,2
20/03/2019,5,10,21,34,39,46,6
27/03/2019,7,14,18,25,27,36,1
03/04/2019,3,15,32,37,44,47,3
10/04/2019,15,18,26,39,46,48,3
17/04/2019,9,11,26,30,32,37,6
24/04/2019,22,23,30,43,45,47,7
01/05/2019,10,16,30,37,43,44,5
08/05/2019,4,6,21,25,26,31,2
15/05/2019,7,10,37,43,44,48,8
22/05/2019,14,24,28,29,41,43,3
29/05/2019,2,8,26,28,34,42,7
05/06/2019,3,4,11,15,38,45,6
12/06/2019,2,10,37,39,41,46,2
19/06/2019,16,25,27,30,33,46,6
26/06/2019,5,13,20,23,46,48,5
03/07/2019,14,19,26,32,36,40,6
10/07/2019,1,7,14,15,32,42,5
17/07/2019,9,23,29,32,34,41,7
24/07/2019,25,27,31,39,40,42,7
31/07/2019,14,18,29,33,38,48,7
07/08/2019,11,12,13,18,26,27,1
14/08/2019,9,10,20,23,24,34,6
21/08/2019,2,10,20,26,29,34,7
28/08/2019,2,7,12,30,35,43,2
04/09/2019,3,5,11,18,30,40,5
11/09/2019,7,12,22,31,32,45,5
18/09/2019,1,18,19,32,38,41,4
25/09/2019,3,11,12,17,25,40,4
02/10/2019,7,13,24,26,33,46,4
09/10/2019,8,12,13,41,42,45,6
16/10/2019,10,16,19,36,37,39,1
23/10/2019,16,18,22,24,30,32,5
30/10/2019,1,5,8,32,38,44,1
06/11/2019,17,27,40,43,46,47,2
13/11/2019,6,9,18,22,23,48,3
20/11/2019,10,11,16,17,32,33,8
27/11/2019,11,27,28,30,42,48,3
04/12/2019,13,20,24,25,28,47,4
11/12/2019,4,22,37,41,45,47,8
18/12/2019,1,5,10,12,27,34,2
25/12/2019,3,18,22,33,39,41,8
01/01/2020,5,6,19,20,24,39,2
08/01/2020,11,15,18,24,36,37,8
15/01/2020,2,4,5,9,28,41,1
22/01/2020,2,14,20,21,23,31,5
29/01/2020,2,3,11,13,27,47,8
05/02/2020,11,24,32,36,38,47,3
12/02/2020,6,9,18,24,33,35,4
19/02/2020,1,7,10,13,33,37,1
26/02/2020,4,27,36,39,41,44,7
04/03/2020,15,19,20,29,38,43,4
11/03/2020,2,7,17,37,38,46,1
18/03/2020,4,20,24,31,35,39,4
25/03/2020,3,5,7,8,17,31,7
01/04/2020,1,7,26,27,32,35,2
08/04/2020,7,15,23,31,39,42,7
15/04/2020,3,6,9,19,23,28,7
22/04/2020,1,7,14,18,21,38,5
29/04/2020,3,18,31,33,45,48,7
06/05/2020,2,4,5,30,32,34,8
13/05/2020,11,14,16,21,24,44,7
20/05/2020,3,17,25,26,27,42,7
27/05/2020,1,3,14,18,24,40,8
03/06/2020,2,16,24,25,36,47,2
10/06/2020,2,14,19,26,30,34,6
17/06/2020,5,7,16,19,25,38,1
24/06/2020,1,3,27,42,43,48,5
01/07/2020,11,18,20,30,45,46,2
08/07/2020,4,11,16,20,25,44,6
15/07/2020,7,12,23,27,38,45,1
22/07/2020,1,4,10,21,31,33,4
29/07/2020,1,8,21,25,34,42,1
05/08/2020,14,21,24,25,35,40,5
12/08/2020,1,5,15,28,34,46,6
19/08/2020,5,9,14,15,20,46,6
26/08/2020,13,21,23,34,45,48,3
02/09/2020,7,22,32,38,41,42,6
09/09/2020,4,30,31,42,44,46,3
16/09/2020,5,8,14,20,29,43,4
23/09/2020,3,8,26,34,40,43,3
30/09/2020,1,30,31,34,42,44,2
07/10/2020,7,8,14,20,39,48,2
14/10/2020,10,12,17,26,32,37,4
21/10/2020,2,20,36,45,47,48,4
28/10/2020,3,17,22,24,40,41,3
04/11/2020,4,7,24,26,34,46,7
11/11/2020,1,5,17,19,37,38,7
18/11/2020,9,15,21,32,36,37,2
25/11/2020,9,22,23,25,39,48,2
02/12/2020,1,11,12,16,39,43,6
09/12/2020,9,18,27,33,35,39,4
16/12/2020,19,20,25,28,34,42,4
23/12/2020,4,6,31,32,37,47,8
30/12/2020,13,14,17,32,44,46,6
06/01/2021,3,5,14,22,32,41,1
13/01/2021,3,14,35,44,45,47,6
20/01/2021,11,14,20,38,39,40,4
27/01/2021,17,20,24,25,37,44,2
03/02/2021,2,7,11,33,44,45,8
10/02/2021,15,17,21,27,29,48,2
17/02/2021,15,19,24,29,35,38,3
24/02/2021,4,27,31,35,40,43,8
03/03/2021,16,19,28,31,38,43,7
10/03/2021,1,15,27,40,43,47,4
17/03/2021,2,9,10,20,24,28,5
24/03/2021,8,19,23,35,37,44,4
31/03/2021,4,16,30,35,41,46,3
07/04/2021,11,12,14,15,27,39,8
14/04/2021,8,12,20,25,26,34,1
21/04/2021,7,8,14,22,32,34,4
28/04/2021,10,18,30,31,37,42,1
05/05/2021,11,14,19,26,28,30,2
12/05/2021,11,17,20,24,44,46,3
19/05/2021,8,11,12,16,18,33,8
26/05/2021,1,6,18,19,35,43,7
02/06/2021,1,4,18,26,30,34,6
09/06/2021,3,15,25,33,34,39,1
16/06/2021,7,11,18,21,34,35,4
23/06/2021,9,16,29,31,33,39,1
30/06/2021,7,32,33,36,37,39,2
07/07/2021,2,5,42,44,46,47,5
14/07/2021,3,9,14,16,20,45,1
21/07/2021,2,11,12,23,26,43,5
28/07/2021,15,21,25,32,34,39,4
04/08/2021,8,10,35,37,38,42,4
11/08/2021,29,30,31,36,39,44,5
18/08/2021,10,15,28,39,44,46,1
25/08/2021,3,15,20,25,29,36,4
01/09/2021,6,7,13,18,19,23,5
08/09/2021,1,14,25,28,38,43,1
15/09/2021,6,12,22,23,24,35,2
22/09/2021,19,21,29,36,44,48,5
29/09/2021,1,2,13,26,32,42,3
06/10/2021,6,13,27,34,39,48,3
13/10/2021,2,15,20,30,36,46,2
20/10/2021,16,23,31,35,38,42,3
27/10/2021,9,11,16,29,35,39,4
03/11/2021,2,8,18,20,40,43,4
10/11/2021,20,24,27,30,37,38,2
17/11/2021,17,20,27,28,43,45,5
24/11/2021,2,22,32,36,38,41,2
01/12/2021,11,14,25,35,39,46,2
08/12/2021,1,5,15,25,30,31,3
15/12/2021,3,7,23,31,42,44,5
22/12/2021,6,9,31,35,46,47,3
29/12/2021,1,15,21,22,29,48,3
05/01/2022,6,12,28,39,40,43,2
12/01/2022,13,17,21,26,43,47,1
19/01/2022,3,16,29,31,40,43,5
26/01/2022,8,19,26,28,46,48,2
02/02/2022,16,18,21,27,31,36,2
09/02/2022,10,14,17,21,22,26,3
16/02/2022,1,6,17,20,21,46,3
23/02/2022,13,16,29,32,33,34,1
02/03/2022,13,21,24,38,45,46,1
09/03/2022,3,5,15,34,35,48,5
16/03/2022,7,18,29,33,34,36,4
23/03/2022,2,15,17,26,36,41,2
30/03/2022,4,9,15,21,31,38,5
06/04/2022,10,11,20,34,42,48,1
13/04/2022,6,20,22,23,28,43,2
20/04/2022,12,13,20,22,23,26,5
27/04/2022,14,31,32,34,37,42,5
04/05/2022,6,9,19,24,27,35,3
11/05/2022,13,24,27,28,37,47,4
18/05/2022,5,9,24,34,45,47,5
25/05/2022,9,11,15,21,31,40,4
01/06/2022,7,14,23,37,43,46,4
08/06/2022,3,4,9,34,41,43,2
15/06/2022,15,21,29,39,47,48,2
22/06/2022,2,16,20,22,30,40,3
29/06/2022,7,12,24,35,40,48,1
06/07/2022,2,27,28,35,36,44,4
13/07/2022,9,16,18,21,44,48,1
20/07/2022,13,15,17,30,31,47,4
27/07/2022,20,30,32,38,45,48,2
03/08/2022,5,7,10,12,14,44,2
10/08/2022,2,24,39,41,44,45,2
17/08/2022,3,13,15,23,34,35,2
24/08/2022,4,11,19,28,32,42,4
31/08/2022,14,33,36,39,43,48,3
07/09/2022,13,19,26,35,36,40,2
14/09/2022,3,22,26,28,30,31,5
21/09/2022,7,13,15,24,42,48,2
28/09/2022,2,17,24,33,42,44,2
05/10/2022,5,6,11,31,35,45,1
12/10/2022,7,18,19,21,37,40,3
19/10/2022,4,17,24,35,41,44,2
26/10/2022,13,22,24,30,38,41,2
02/11/2022,1,5,17,22,23,45,5
09/11/2022,10,15,17,18,22,23,3
16/11/2022,9,30,37,41,44,46,2
23/11/2022,5,12,27,28,32,37,4
30/11/2022,5,16,22,28,34,40,5
07/12/2022,8,9,10,13,37,48,3
14/12/2022,2,10,16,22,30,39,5
21/12/2022,4,6,23,30,41,44,2
28/12/2022,4,12,16,22,24,27,4
04/01/2023,1,6,22,35,36,46,1
11/01/2023,22,25,39,40,43,47,2
18/01/2023,3,20,26,37,41,43,5
25/01/2023,18,19,25,34,39,45,2
01/02/2023,2,5,16,20,26,33,3
08/02/2023,3,4,21,23,26,34,1
15/02/2023,9,10,21,41,43,48,4
22/02/2023,4,15,25,30,33,39,4
01/03/2023,22,31,32,35,40,41,1
08/03/2023,3,8,11,16,22,23,4
15/03/2023,2,4,8,11,41,48,4
22/03/2023,4,24,27,28,37,45,3
29/03/2023,10,14,16,30,32,36,1
05/04/2023,2,7,8,19,21,42,2
12/04/2023,4,5,29,32,37,39,1
19/04/2023,3,21,22,26,39,41,4
26/04/2023,25,26,32,36,45,48,5
03/05/2023,6,22,38,39,43,45,2
10/05/2023,7,10,12,17,20,24,4
17/05/2023,2,15,21,25,39,41,4
24/05/2023,1,4,11,12,26,43,1
31/05/2023,24,34,39,45,46,48,1
07/06/2023,4,14,17,32,37,44,4
14/06/2023,2,9,15,28,41,44,4
21/06/2023,9,10,23,29,45,48,2
28/06/2023,2,3,8,12,13,22,4
05/07/2023,13,22,24,30,34,42,5
12/07/2023,2,6,10,32,38,40,1
19/07/2023,4,19,28,29,37,41,5
26/07/2023,5,9,10,24,34,44,5
02/08/2023,6,7,10,23,28,30,2
09/08/2023,13,14,19,23,27,38,4
16/08/2023,13,31,33,44,45,48,1
23/08/2023,4,17,26,37,42,47,4
30/08/2023,10,18,21,25,31,38,3
06/09/2023,1,2,22,26,28,47,5
13/09/2023,2,4,8,10,43,44,5
20/09/2023,6,8,19,20,41,47,3
27/09/2023,13,15,16,21,25,34,2
04/10/2023,14,24,26,27,31,39,2
11/10/2023,25,26,30,37,40,48,3
18/10/2023,1,8,12,14,15,39,2
25/10/2023,6,11,19,26,36,46,4
01/11/2023,19,20,26,28,32,33,2
08/11/2023,6,8,14,20,40,46,4
15/11/2023,10,31,37,39,43,47,4
22/11/2023,11,23,25,33,35,47,2
29/11/2023,2,13,16,19,32,36,3
06/12/2023,9,12,15,17,43,48,4
13/12/2023,4,7,8,20,31,47,1
20/12/2023,1,25,29,43,45,48,2
27/12/2023,2,9,11,12,32,47,4
03/01/2024,17,22,32,40,45,47,1
10/01/2024,8,10,11,14,17,46,5
17/01/2024,8,11,12,15,38,41,5
24/01/2024,15,29,30,33,43,47,2
31/01/2024,7,14,17,26,33,41,1
07/02/2024,2,3,26,27,34,44,5
14/02/2024,11,25,29,38,42,43,4
21/02/2024,10,15,17,24,40,45,5
28/02/2024,17,23,26,27,41,47,2
06/03/2024,2,8,10,32,39,44,3
13/03/2024,7,11,13,25,42,47,3
20/03/2024,1,11,14,17,32,40,1
27/03/2024,20,21,22,30,34,43,3
03/04/2024,2,3,15,20,39,47,1
10/04/2024,6,10,14,23,31,44,5
17/04/2024,13,23,31,40,41,43,5
24/04/2024,14,22,28,29,34,40,5
01/05/2024,4,7,9,13,40,43,5
08/05/2024,1,7,23,43,44,46,3
15/05/2024,14,16,26,34,41,47,2
22/05/2024,7,13,20,22,36,37,1
29/05/2024,9,12,14,18,31,42,5
05/06/2024,8,11,14,18,39,40,4
12/06/2024,3,14,21,26,41,44,3
19/06/2024,1,5,7,18,28,48,4
26/06/2024,9,35,36,40,41,47,5
03/07/2024,2,4,28,29,34,47,2
10/07/2024,31,35,36,40,41,45,5
17/07/2024,5,7,25,32,35,41,4
24/07/2024,18,27,34,38,39,42,5
31/07/2024,3,8,9,11,15,25,1
07/08/2024,14,16,28,43,47,48,2
14/08/2024,11,18,26,28,30,40,3
21/08/2024,10,13,28,39,44,45,1
28/08/2024,7,12,17,25,28,39,2
04/09/2024,3,13,18,21,23,38,2
11/09/2024,3,19,35,37,39,45,2
18/09/2024,17,21,22,23,31,36,4
25/09/2024,10,13,30,32,33,36,2
02/10/2024,7,9,10,14,33,41,4
09/10/2024,8,18,22,25,43,45,2
16/10/2024,5,9,13,20,22,37,1
23/10/2024,31,34,37,44,45,47,1
30/10/2024,16,29,32,35,44,46,5
06/11/2024,8,18,29,32,36,38,5
13/11/2024,6,17,18,19,25,42,5
20/11/2024,5,11,17,32,42,44,1
27/11/2024,16,20,30,31,36,43,2
04/12/2024,6,16,24,30,32,42,5
11/12/2024,9,21,22,36,39,40,3
18/12/2024,1,12,15,35,37,43,3
25/12/2024,6,10,12,18,30,46,3
01/01/2025,9,15,27,31,42,44,3
08/01/2025,9,17,18,23,33,37,3
15/01/2025,1,33,36,37,40,47,2
22/01/2025,9,24,32,38,45,46,2
29/01/2025,17,21,22,35,41,48,1
05/02/2025,6,18,23,24,25,32,4
12/02/2025,23,31,33,35,36,39,1
19/02/2025,12,23,24,35,40,45,4
26/02/2025,2,5,9,21,33,34,1
05/03/2025,1,14,19,28,29,47,3
12/03/2025,4,5,9,16,24,31,4
19/03/2025,2,14,17,21,37,38,4
26/03/2025,1,5,9,10,34,41,2
02/04/2025,19,20,23,35,38,43,3
09/04/2025,2,3,9,18,26,32,2
16/04/2025,7,13,14,15,20,24,3
23/04/2025,4,13,14,22,33,34,2
30/04/2025,7,8,13,18,22,44,4
07/05/2025,11,17,32,34,47,48,3
14/05/2025,16,17,24,28,36,43,3
21/05/2025,10,19,28,32,40,48,5
28/05/2025,4,20,28,31,33,47,1
04/06/2025,16,20,26,27,28,39,3
11/06/2025,5,8,9,22,33,43,4
18/06/2025,7,13,19,37,38,46,3
25/06/2025,5,20,28,31,32,37,1
02/07/2025,1,14,25,27,35,46,5
09/07/2025,22,35,36,39,44,47,2
16/07/2025,1,2,9,14,29,46,2
23/07/2025,7,10,18,39,40,48,5
30/07/2025,11,18,19,38,42,47,5
06/08/2025,2,5,9,12,24,31,5
13/08/2025,11,16,25,30,40,44,1
20/08/2025,2,21,25,26,41,44,4
27/08/2025,1,8,12,18,28,45,4
03/09/2025,2,3,4,7,36,46,2
10/09/2025,9,11,16,23,34,39,5
17/09/2025,26,31,33,34,37,44,2
24/09/2025,9,10,11,23,29,35,4
01/10/2025,5,7,19,23,31,36,1
08/10/2025,3,7,21,22,30,41,5
15/10/2025,6,12,18,30,36,38,2
22/10/2025,4,8,18,28,30,42,5
29/10/2025,7,17,18,22,29,34,5
05/11/2025,2,6,11,23,45,48,5
12/11/2025,4,29,33,34,44,47,4
19/11/2025,7,9,15,27,32,38,1
26/11/2025,3,14,27,31,34,48,4
03/12/2025,16,17,21,23,24,31,1
10/12/2025,6,11,12,30,34,35,2
17/12/2025,10,22,25,34,40,43,2
24/12/2025,8,9,28,30,36,43,2
31/12/2025,1,15,21,22,29,46,1
07/01/2026,14,22,29,38,39,45,3
14/01/2026,2,8,18,34,41,48,1
21/01/2026,9,10,30,33,40,48,3
28/01/2026,4,27,32,33,35,44,5
04/02/2026,2,10,12,32,33,40,3
11/02/2026,4,12,18,23,28,40,5
18/02/2026,7,8,19,30,39,42,3
25/02/2026,4,5,8,22,40,47,4
04/03/2026,17,20,33,37,38,43,2
11/03/2026,1,4,6,36,41,48,4
18/03/2026,13,25,31,36,43,44,4
25/03/2026,1,10,23,31,36,39,2
01/04/2026,5,11,19,33,42,46,3
08/04/2026,2,5,6,17,36,46,5
15/04/2026,1,6,33,35,36,48,2
22/04/2026,7,25,26,29,32,37,1
29/04/2026,2,8,28,36,41,44,1
06/05/2026,1,8,9,19,25,42,1
13/05/2026,9,25,28,29,35,47,3
20/05/2026,14,17,23,35,41,45,1
27/05/2026,23,31,34,39,45,47,2
03/06/2026,1,7,9,12,14,36,3
10/06/2026,7,27,34,35,38,46,1
17/06/2026,7,9,19,21,35,47,3
24/06/2026,10,12,18,24,42,47,4
01/07/2026,1,2,9,28,36,45,5
08/07/2026,1,7,24,29,44,48,2
15/07/2026,1,5,12,34,37,40,5
22/07/2026,1,29,35,37,42,44,3
29/07/2026,10,13,27,35,37,44,5
05/08/2026,3,6,10,24,35,40,4
12/08/2026,1,3,11,12,16,25,4
19/08/2026,7,19,22,26,34,45,1
26/08/2026,3,12,14,22,31,42,3
02/09/2026,1,2,11,25,41,48,3
09/09/2026,1,12,13,14,32,34,5
16/09/2026,4,11,13,26,28,43,1
23/09/2026,4,22,25,29,38,46,1
30/09/2026,15,19,23,40,44,46,5,26180000,3500000
07/10/2026,1,11,31,32,34,44,1
