Date,Num1,Num2,Num3,Num4,Num5,StarBall,Jackpot,Jackpot_USD
15/11/2017,2,9,18,31,39,9
18/11/2017,4,25,26,41,47,6
22/11/2017,6,8,22,29,34,8
25/11/2017,1,7,16,25,26,8
29/11/2017,1,4,5,16,38,9
02/12/2017,22,28,45,47,51,6
06/12/2017,18,29,37,39,42,4
09/12/2017,2,5,7,22,25,2
13/12/2017,9,18,23,46,50,3
16/12/2017,5,16,27,34,44,5
20/12/2017,5,12,23,24,32,2
23/12/2017,2,32,37,39,51,5
27/12/2017,4,30,38,47,48,3
30/12/2017,4,7,10,14,17,9
03/01/2018,3,18,22,33,43,5
06/01/2018,9,13,26,38,48,7
10/01/2018,33,35,40,44,49,2
13/01/2018,1,12,32,33,47,5
17/01/2018,5,8,28,30,40,4
20/01/2018,15,23,40,43,45,7
24/01/2018,7,8,17,40,42,5
27/01/2018,31,34,45,49,52,4
31/01/2018,11,14,22,27,38,3
03/02/2018,1,4,41,44,45,1
07/02/2018,15,25,36,45,51,9
10/02/2018,28,42,43,44,52,7
14/02/2018,1,2,13,15,28,10
17/02/2018,40,41,47,49,51,10
21/02/2018,14,16,23,25,33,9
24/02/2018,14,23,35,50,52,2
28/02/2018,11,15,18,36,40,5
03/03/2018,6,21,30,32,45,7
07/03/2018,1,2,13,20,36,9
10/03/2018,23,24,41,43,44,3
14/03/2018,8,21,38,50,51,4
17/03/2018,2,12,15,18,19,6
21/03/2018,6,18,25,26,28,8
24/03/2018,10,28,37,38,49,5
28/03/2018,7,24,40,46,51,5
31/03/2018,16,22,28,30,34,2
04/04/2018,15,16,18,26,39,4
07/04/2018,2,10,13,37,50,2
11/04/2018,7,20,29,33,52,1
14/04/2018,22,25,27,40,46,8
18/04/2018,8,11,27,30,47,9
21/04/2018,10,12,16,25,46,6
25/04/2018,7,22,27,35,47,4
28/04/2018,26,27,29,34,40,10
02/05/2018,8,18,19,30,31,2
05/05/2018,8,15,18,32,45,1
09/05/2018,2,10,28,36,45,2
12/05/2018,8,9,10,21,33,7
16/05/2018,24,25,29,38,50,9
19/05/2018,4,8,17,25,31,10
23/05/2018,7,11,24,41,42,9
26/05/2018,23,30,31,38,39,10
30/05/2018,23,32,34,35,36,3
02/06/2018,5,13,14,44,50,2
06/06/2018,19,28,31,39,51,4
09/06/2018,5,10,15,19,36,8
13/06/2018,3,17,21,35,42,10
16/06/2018,6,15,17,19,33,5
20/06/2018,3,10,11,13,52,5
23/06/2018,2,17,22,30,37,8
27/06/2018,17,21,24,37,50,7
30/06/2018,20,24,27,35,42,9
04/07/2018,4,12,16,22,44,3
07/07/2018,3,6,13,38,40,7
11/07/2018,9,22,24,31,38,1
14/07/2018,6,9,31,37,51,3
18/07/2018,1,5,8,11,32,6
21/07/2018,17,31,42,45,50,6
25/07/2018,6,8,13,20,35,4
28/07/2018,2,13,38,39,51,10
01/08/2018,3,8,24,25,50,5
04/08/2018,15,16,26,45,52,1
08/08/2018,3,20,28,31,37,1
11/08/2018,6,8,17,32,36,4
15/08/2018,6,9,29,32,36,10
18/08/2018,13,18,39,47,52,2
22/08/2018,20,22,25,26,51,7
25/08/2018,9,10,30,45,49,8
29/08/2018,10,17,20,26,52,10
01/09/2018,1,8,14,31,39,10
05/09/2018,13,20,26,30,41,9
08/09/2018,4,11,34,50,52,8
12/09/2018,1,23,24,42,51,6
15/09/2018,22,33,46,47,50,3
19/09/2018,12,13,25,33,40,8
22/09/2018,1,7,38,43,47,10
26/09/2018,16,22,28,35,42,9
29/09/2018,1,6,9,28,33,2
03/10/2018,1,14,31,36,40,6
06/10/2018,10,14,27,46,49,1
10/10/2018,19,22,35,37,49,9
13/10/2018,34,36,40,41,42,7
17/10/2018,3,8,15,21,37,5
20/10/2018,10,18,22,25,32,4
24/10/2018,4,11,12,19,34,8
27/10/2018,17,22,24,47,50,7
31/10/2018,18,19,31,32,48,2
03/11/2018,11,33,40,47,51,2
07/11/2018,19,26,30,36,42,9
10/11/2018,10,17,21,26,45,4
14/11/2018,14,21,28,30,45,4
17/11/2018,4,6,11,43,52,6
21/11/2018,3,24,25,33,39,5
24/11/2018,1,10,11,17,28,1
28/11/2018,2,7,10,12,22,2
01/12/2018,1,30,34,40,45,5
05/12/2018,9,15,33,40,48,9
08/12/2018,8,19,24,31,41,9
12/12/2018,2,3,13,22,49,9
15/12/2018,16,18,35,36,48,2
19/12/2018,10,12,13,34,52,9
22/12/2018,1,16,20,41,44,6
26/12/2018,5,10,18,19,51,2
29/12/2018,25,26,33,49,50,7
02/01/2019,6,10,18,19,41,6
05/01/2019,1,19,29,32,50,9
09/01/2019,13,19,35,44,50,1
12/01/2019,14,17,19,32,52,7
16/01/2019,3,21,42,45,51,5
19/01/2019,24,29,46,49,51,8
23/01/2019,1,4,27,34,47,1
26/01/2019,4,11,23,31,35,9
30/01/2019,6,10,23,38,41,7
02/02/2019,15,16,28,46,52,9
06/02/2019,1,15,35,41,47,9
09/02/2019,6,25,38,47,50,2
13/02/2019,5,6,18,26,45,3
16/02/2019,16,27,32,47,51,6
20/02/2019,12,15,16,21,46,7
23/02/2019,6,10,21,25,48,2
27/02/2019,27,33,35,43,52,1
02/03/2019,2,10,15,26,49,8
06/03/2019,12,17,25,34,45,6
09/03/2019,5,7,30,34,36,4
13/03/2019,18,42,44,48,52,8
16/03/2019,29,30,32,47,49,5
20/03/2019,4,21,22,38,42,9
23/03/2019,30,40,42,45,46,2
27/03/2019,5,20,28,36,48,5
30/03/2019,9,17,25,27,30,2
03/04/2019,8,19,28,35,41,8
06/04/2019,12,28,32,34,45,1
10/04/2019,1,14,16,24,50,2
13/04/2019,21,23,27,31,37,9
17/04/2019,2,17,24,34,51,4
20/04/2019,2,27,32,36,50,8
24/04/2019,3,14,15,26,46,4
27/04/2019,1,11,44,47,52,7
01/05/2019,7,9,33,46,47,3
04/05/2019,5,6,17,19,48,10
08/05/2019,14,17,19,25,34,4
11/05/2019,30,35,37,47,49,3
15/05/2019,4,19,23,35,44,4
18/05/2019,2,22,26,28,40,7
22/05/2019,1,2,8,11,35,1
25/05/2019,4,16,28,45,51,8
29/05/2019,5,7,27,45,48,1
01/06/2019,5,11,23,32,36,10
05/06/2019,2,9,29,38,46,10
08/06/2019,14,24,37,38,48,10
12/06/2019,4,12,15,38,49,7
15/06/2019,4,12,23,24,31,5
19/06/2019,6,8,17,25,44,8
22/06/2019,7,19,35,44,49,2
26/06/2019,3,10,14,33,36,8
29/06/2019,4,30,40,42,48,10
03/07/2019,7,12,19,36,48,2
06/07/2019,20,22,43,47,52,3
10/07/2019,16,22,32,36,42,8
13/07/2019,6,15,18,25,37,9
17/07/2019,4,7,17,19,44,7
20/07/2019,5,8,9,25,38,8
24/07/2019,26,28,33,34,42,10
27/07/2019,11,12,32,41,47,5
31/07/2019,4,13,21,41,46,1
03/08/2019,8,18,27,41,43,10
07/08/2019,6,25,44,50,51,4
10/08/2019,3,15,26,43,46,2
14/08/2019,15,21,35,45,52,2
17/08/2019,14,20,22,39,52,2
21/08/2019,9,25,31,34,37,9
24/08/2019,5,6,41,42,44,8
28/08/2019,10,11,15,46,52,3
31/08/2019,14,15,21,45,46,6
04/09/2019,13,25,35,37,45,5
07/09/2019,3,7,10,22,34,1
11/09/2019,12,29,30,34,36,10
14/09/2019,7,9,16,37,43,5
18/09/2019,10,41,44,51,52,6
21/09/2019,9,12,15,27,33,5
25/09/2019,10,24,40,42,49,9
28/09/2019,9,23,39,44,47,7
02/10/2019,16,23,34,43,49,10
05/10/2019,1,3,21,25,32,8
09/10/2019,6,9,13,23,46,7
12/10/2019,1,17,20,25,44,9
16/10/2019,1,5,9,15,33,5
19/10/2019,3,11,27,31,40,10
23/10/2019,9,10,15,25,34,10
26/10/2019,23,24,34,39,50,1
30/10/2019,3,6,28,32,44,2
02/11/2019,1,10,31,40,50,5
06/11/2019,2,12,15,27,44,6
09/11/2019,2,27,32,37,39,2
13/11/2019,18,23,24,30,49,4
16/11/2019,5,15,26,46,48,1
20/11/2019,1,4,29,46,47,10
23/11/2019,4,5,18,43,46,4
27/11/2019,16,25,27,33,44,6
30/11/2019,2,13,22,39,49,3
04/12/2019,34,38,45,47,51,10
07/12/2019,8,16,22,28,49,3
11/12/2019,23,29,34,41,51,8
14/12/2019,7,8,33,37,51,8
18/12/2019,1,4,17,18,30,1
21/12/2019,4,17,29,40,51,8
25/12/2019,4,11,20,35,45,8
28/12/2019,9,31,45,47,51,10
01/01/2020,3,26,30,44,48,9
04/01/2020,5,24,34,38,47,6
08/01/2020,1,11,31,38,49,4
11/01/2020,1,21,25,30,34,7
15/01/2020,1,11,38,50,51,9
18/01/2020,5,7,31,41,43,9
22/01/2020,4,6,11,21,23,6
25/01/2020,16,20,22,23,47,6
29/01/2020,9,11,12,25,43,8
01/02/2020,1,6,8,21,23,6
05/02/2020,1,2,18,26,36,8
08/02/2020,2,9,17,36,40,7
12/02/2020,13,17,27,29,44,2
15/02/2020,4,9,12,23,32,8
19/02/2020,16,29,33,47,51,10
22/02/2020,25,35,36,40,46,3
26/02/2020,2,3,29,30,40,7
29/02/2020,19,30,32,35,36,2
04/03/2020,5,6,18,22,24,10
07/03/2020,1,13,14,24,25,1
11/03/2020,2,11,24,29,50,4
14/03/2020,10,17,29,46,51,10
18/03/2020,6,16,24,34,45,2
21/03/2020,5,21,26,47,50,8
25/03/2020,6,33,36,41,48,10
28/03/2020,2,5,19,31,33,9
01/04/2020,14,16,28,29,52,7
04/04/2020,18,21,30,35,47,9
08/04/2020,2,7,18,26,40,3
11/04/2020,11,22,32,34,41,3
15/04/2020,3,19,26,45,51,5
18/04/2020,2,15,18,41,48,6
22/04/2020,11,12,16,41,42,9
25/04/2020,16,28,39,42,44,5
29/04/2020,11,18,28,43,45,6
02/05/2020,1,37,40,48,51,4
06/05/2020,18,25,31,35,42,9
09/05/2020,17,31,32,34,50,3
13/05/2020,6,19,20,35,50,5
16/05/2020,8,14,25,29,49,8
20/05/2020,10,13,22,35,41,6
23/05/2020,29,38,39,49,50,5
27/05/2020,16,20,35,36,48,3
30/05/2020,3,17,31,41,45,5
03/06/2020,7,22,28,41,46,2
06/06/2020,10,12,22,39,46,9
10/06/2020,13,16,33,38,52,7
13/06/2020,3,16,26,29,40,8
17/06/2020,12,19,21,26,48,7
20/06/2020,4,18,27,30,48,7
24/06/2020,3,11,30,36,39,2
27/06/2020,8,27,30,36,47,8
01/07/2020,4,22,24,30,35,7
04/07/2020,7,16,18,24,40,4
08/07/2020,7,33,41,45,51,1
11/07/2020,3,12,22,26,31,3
15/07/2020,11,13,14,45,51,1
18/07/2020,23,34,44,47,48,1
22/07/2020,18,25,46,49,51,7
25/07/2020,32,36,46,47,48,6
29/07/2020,29,30,38,45,51,1
01/08/2020,12,21,29,40,44,6
05/08/2020,6,23,26,29,43,3
08/08/2020,11,14,29,31,48,5
12/08/2020,5,6,35,39,42,2
15/08/2020,1,20,24,27,34,10
19/08/2020,1,8,17,35,45,9
22/08/2020,1,33,45,48,49,5
26/08/2020,5,16,22,24,31,9
29/08/2020,4,5,9,13,51,2
02/09/2020,25,34,37,40,47,8
05/09/2020,6,10,31,39,42,1
09/09/2020,6,15,35,38,52,6
12/09/2020,1,2,19,22,35,6
16/09/2020,12,15,21,48,52,4
19/09/2020,15,34,35,43,52,4
23/09/2020,6,15,37,41,42,6
26/09/2020,11,12,18,24,51,1
30/09/2020,5,6,11,30,37,3
03/10/2020,7,16,32,34,48,2
07/10/2020,17,19,24,34,51,10
10/10/2020,2,10,19,26,31,8
14/10/2020,4,14,24,25,33,7
17/10/2020,11,12,19,35,43,2
21/10/2020,1,35,36,37,46,9
24/10/2020,22,26,43,50,51,3
28/10/2020,4,14,35,41,43,9
31/10/2020,5,6,24,29,40,9
04/11/2020,11,12,32,49,50,4
07/11/2020,7,8,27,31,41,1
11/11/2020,8,13,30,31,48,8
14/11/2020,6,8,14,17,27,2
18/11/2020,17,35,39,42,43,5
21/11/2020,2,5,36,45,52,9
25/11/2020,1,7,12,38,40,6
28/11/2020,7,16,23,25,52,7
02/12/2020,9,12,22,38,40,10
05/12/2020,12,15,35,36,51,9
09/12/2020,4,8,20,23,50,6
12/12/2020,10,29,36,38,46,7
16/12/2020,18,21,32,35,48,7
19/12/2020,1,9,15,28,35,5
23/12/2020,5,8,16,23,34,10
26/12/2020,3,13,15,41,49,2
30/12/2020,18,25,26,30,49,8
02/01/2021,14,15,16,36,41,4
06/01/2021,4,8,17,25,44,6
09/01/2021,9,25,29,30,39,10
13/01/2021,8,21,24,29,32,2
16/01/2021,6,16,21,30,36,3
20/01/2021,6,14,16,38,49,3
23/01/2021,10,15,20,34,42,6
27/01/2021,1,10,36,37,38,5
30/01/2021,5,7,9,10,29,6
03/02/2021,12,35,38,40,43,7
06/02/2021,13,16,28,44,51,9
10/02/2021,7,13,20,22,31,10
13/02/2021,36,40,44,46,50,6
17/02/2021,2,11,16,46,50,8
20/02/2021,7,18,26,31,39,8
24/02/2021,5,7,24,39,50,10
27/02/2021,10,27,30,44,47,6
03/03/2021,16,18,19,28,45,6
06/03/2021,23,33,37,42,47,1
10/03/2021,4,15,31,36,39,6
13/03/2021,7,30,40,49,50,10
17/03/2021,5,7,10,19,40,6
20/03/2021,1,2,18,37,47,2
24/03/2021,1,37,39,40,42,2
27/03/2021,3,23,35,50,51,10
31/03/2021,17,18,21,35,42,8
03/04/2021,17,42,43,47,48,5
07/04/2021,7,12,22,28,39,10
10/04/2021,16,24,43,49,52,9
14/04/2021,2,3,6,38,39,9
17/04/2021,15,19,28,39,41,5
21/04/2021,4,41,42,44,45,8
24/04/2021,5,20,21,26,27,4
28/04/2021,2,33,34,39,46,10
01/05/2021,12,17,28,29,46,1
05/05/2021,1,12,26,36,52,3
08/05/2021,4,32,34,41,44,2
12/05/2021,12,30,31,46,48,7
15/05/2021,9,14,19,30,46,3
19/05/2021,5,18,34,38,42,10
22/05/2021,26,36,47,48,52,5
26/05/2021,4,14,21,31,40,4
29/05/2021,4,16,18,34,42,6
02/06/2021,31,34,36,45,50,10
05/06/2021,13,16,19,39,44,5
09/06/2021,4,39,46,48,52,3
12/06/2021,8,10,23,49,50,6
16/06/2021,1,14,22,28,41,9
19/06/2021,24,35,39,42,45,6
23/06/2021,3,9,16,19,38,3
26/06/2021,3,6,8,40,49,7
30/06/2021,4,6,14,25,32,9
03/07/2021,7,10,34,48,52,1
07/07/2021,1,4,19,24,43,3
10/07/2021,6,14,27,28,43,5
14/07/2021,19,22,46,48,51,10
17/07/2021,26,30,37,40,45,5
21/07/2021,4,12,17,23,52,6
24/07/2021,7,8,12,25,31,5
28/07/2021,18,32,46,48,49,4
31/07/2021,14,19,34,35,38,9
04/08/2021,12,15,27,38,52,10
07/08/2021,2,6,34,38,41,8
11/08/2021,8,21,22,32,34,5
14/08/2021,8,19,21,35,45,3
18/08/2021,27,30,38,45,50,3
21/08/2021,5,10,19,22,35,5
25/08/2021,3,37,38,43,50,7
28/08/2021,10,13,33,39,48,3
01/09/2021,10,15,43,47,49,6
04/09/2021,1,5,24,25,28,4
08/09/2021,3,19,36,44,51,3
11/09/2021,3,14,36,38,52,8
15/09/2021,8,19,33,34,37,9
18/09/2021,15,25,27,37,49,6
22/09/2021,3,16,35,37,41,8
25/09/2021,1,10,29,32,36,3
29/09/2021,13,31,32,45,46,7
02/10/2021,2,21,45,49,50,7
06/10/2021,11,26,40,44,49,10
09/10/2021,6,22,45,48,51,4
13/10/2021,9,14,15,34,44,8
16/10/2021,3,10,17,40,48,1
20/10/2021,8,17,20,41,51,3
23/10/2021,13,25,40,46,48,8
27/10/2021,1,5,27,36,41,3
30/10/2021,10,18,21,47,48,1
03/11/2021,4,8,10,32,40,9
06/11/2021,6,9,16,32,39,2
10/11/2021,12,20,32,39,49,10
13/11/2021,1,10,11,27,35,10
17/11/2021,6,30,31,40,50,5
20/11/2021,27,29,33,37,40,9
24/11/2021,4,10,34,49,52,7
27/11/2021,5,14,27,49,50,9
01/12/2021,7,9,23,39,47,3
04/12/2021,8,23,26,34,50,7
08/12/2021,2,11,17,41,46,9
11/12/2021,8,10,17,26,41,9
15/12/2021,1,9,24,25,47,1
18/12/2021,15,25,31,45,46,4
22/12/2021,5,20,21,33,41,8
25/12/2021,17,27,34,36,38,3
29/12/2021,11,13,15,20,46,7
01/01/2022,3,23,33,50,51,4
05/01/2022,1,4,17,45,50,6
08/01/2022,5,6,34,37,50,5
12/01/2022,12,19,27,37,45,9
15/01/2022,16,22,35,49,52,9
19/01/2022,16,19,32,35,51,1
22/01/2022,11,27,29,35,46,9
26/01/2022,1,8,22,23,29,2
29/01/2022,5,19,23,30,31,3
02/02/2022,2,8,18,25,31,2
05/02/2022,2,4,22,31,35,10
09/02/2022,2,18,20,32,36,9
12/02/2022,1,14,28,42,47,8
16/02/2022,14,15,17,21,25,9
19/02/2022,16,33,42,46,47,6
23/02/2022,3,13,29,47,52,1
26/02/2022,5,13,31,39,48,2
02/03/2022,8,17,24,26,38,2
05/03/2022,1,10,30,36,49,3
09/03/2022,1,3,6,8,49,2
12/03/2022,4,19,22,43,48,9
16/03/2022,2,16,34,40,41,7
19/03/2022,1,7,11,27,32,8
23/03/2022,36,45,47,51,52,6
26/03/2022,6,20,22,29,40,9
30/03/2022,1,6,23,35,36,8
02/04/2022,3,4,11,43,44,8
06/04/2022,22,27,38,42,43,4
09/04/2022,7,10,20,36,37,5
13/04/2022,10,25,32,33,52,9
16/04/2022,8,10,14,18,23,2
20/04/2022,1,3,25,29,30,6
23/04/2022,6,15,31,43,46,3
27/04/2022,10,24,35,36,50,3
30/04/2022,7,14,30,44,45,3
04/05/2022,5,27,29,36,47,7
07/05/2022,18,32,43,48,51,10
11/05/2022,26,29,32,36,48,7
14/05/2022,1,10,30,33,44,2
18/05/2022,8,18,24,31,46,2
21/05/2022,11,21,29,32,46,8
25/05/2022,5,11,17,21,49,5
28/05/2022,7,20,40,42,52,4
01/06/2022,4,9,10,15,30,5
04/06/2022,9,14,33,45,46,9
08/06/2022,2,15,29,39,42,1
11/06/2022,14,25,29,33,37,4
15/06/2022,12,19,35,38,48,4
18/06/2022,26,28,32,46,48,1
22/06/2022,3,13,33,37,45,10
25/06/2022,12,28,30,34,39,6
29/06/2022,17,29,33,40,52,10
02/07/2022,9,19,43,44,50,8
06/07/2022,1,3,8,14,50,1
09/07/2022,6,11,26,32,35,10
13/07/2022,1,18,21,26,39,8
16/07/2022,7,11,28,30,49,1
18/07/2022,18,30,35,45,46,7
20/07/2022,1,15,23,42,48,3
23/07/2022,14,22,24,25,48,4
25/07/2022,26,31,37,48,52,4
27/07/2022,15,23,27,30,44,5
30/07/2022,17,22,24,25,36,5
01/08/2022,21,24,42,48,51,10
03/08/2022,13,20,35,42,43,8
06/08/2022,1,8,13,18,40,1
08/08/2022,2,15,17,31,48,8
10/08/2022,4,6,15,44,50,3
13/08/2022,12,14,27,43,47,7
15/08/2022,8,15,22,49,50,3
17/08/2022,4,17,23,37,38,2
20/08/2022,20,27,35,37,52,6
22/08/2022,16,22,34,48,52,8
24/08/2022,20,22,26,27,49,4
27/08/2022,5,9,19,34,51,2
29/08/2022,4,16,17,22,43,5
31/08/2022,4,22,41,43,52,4
03/09/2022,6,8,13,26,30,4
05/09/2022,2,30,36,39,46,7
07/09/2022,23,32,46,47,50,5
10/09/2022,19,24,32,33,52,6
12/09/2022,1,6,9,11,20,2
14/09/2022,9,13,15,29,32,7
17/09/2022,5,9,14,28,52,3
19/09/2022,12,31,45,47,48,6
21/09/2022,6,32,38,43,45,8
24/09/2022,3,20,33,34,42,6
26/09/2022,21,22,24,46,51,6
28/09/2022,13,38,39,44,45,6
01/10/2022,5,7,13,16,38,10
03/10/2022,6,7,9,28,39,2
05/10/2022,14,21,37,38,47,5
08/10/2022,1,4,9,14,49,3
10/10/2022,4,8,14,32,44,4
12/10/2022,2,14,20,40,48,2
15/10/2022,3,16,24,26,50,1
17/10/2022,19,20,24,30,39,7
19/10/2022,8,30,35,44,52,7
22/10/2022,5,19,44,49,52,2
24/10/2022,17,19,22,31,52,4
26/10/2022,1,10,26,35,39,6
29/10/2022,14,16,27,38,49,4
31/10/2022,4,23,26,48,51,4
02/11/2022,12,19,37,50,52,9
05/11/2022,5,20,25,40,46,1
07/11/2022,5,13,15,17,20,9
09/11/2022,1,5,7,15,52,4
12/11/2022,8,20,21,26,38,10
14/11/2022,9,23,29,40,49,10
16/11/2022,3,19,26,43,50,2
19/11/2022,9,16,19,32,48,5
21/11/2022,3,12,14,29,32,4
23/11/2022,12,21,29,35,42,3
26/11/2022,1,27,31,46,52,7
28/11/2022,5,6,29,34,49,4
30/11/2022,12,21,35,42,45,6
03/12/2022,30,32,36,42,43,10
05/12/2022,4,13,17,24,34,1
07/12/2022,2,19,22,47,48,5
10/12/2022,2,17,29,31,43,10
12/12/2022,3,23,31,33,51,7
14/12/2022,18,21,22,30,32,3
17/12/2022,7,12,16,40,49,1
19/12/2022,4,10,25,34,50,5
21/12/2022,12,14,23,38,45,2
24/12/2022,7,12,40,44,48,1
26/12/2022,4,11,26,49,51,10
28/12/2022,2,10,21,44,45,7
31/12/2022,9,29,30,35,42,8
02/01/2023,10,12,13,27,50,7
04/01/2023,2,12,30,37,46,1
07/01/2023,26,28,32,36,49,8
09/01/2023,27,32,34,39,43,7
11/01/2023,5,23,45,46,51,3
14/01/2023,25,35,37,38,48,5
16/01/2023,7,20,21,27,52,4
18/01/2023,12,18,24,27,45,1
21/01/2023,25,27,29,35,50,6
23/01/2023,6,8,16,43,47,9
25/01/2023,9,15,28,47,49,7
28/01/2023,1,24,34,37,52,9
30/01/2023,2,16,28,32,38,8
01/02/2023,10,16,33,34,45,4
04/02/2023,8,17,18,21,52,5
06/02/2023,3,4,20,32,35,6
08/02/2023,4,5,29,36,37,7
11/02/2023,2,3,24,28,46,9
13/02/2023,2,17,21,22,26,10
15/02/2023,3,11,32,37,43,1
18/02/2023,5,17,25,48,52,1
20/02/2023,4,10,19,27,39,10
22/02/2023,6,24,25,31,38,7
25/02/2023,14,22,34,39,50,8
27/02/2023,12,17,41,43,51,5
01/03/2023,8,14,17,38,41,7
04/03/2023,2,5,24,32,52,4
06/03/2023,2,17,25,35,50,6
08/03/2023,3,7,29,31,49,10
11/03/2023,33,39,41,45,48,8
13/03/2023,20,23,28,33,51,3
15/03/2023,31,36,43,45,52,2
18/03/2023,35,37,44,45,46,1
20/03/2023,13,14,22,30,37,3
22/03/2023,14,18,21,50,51,3
25/03/2023,3,17,29,41,52,10
27/03/2023,20,37,46,49,52,10
29/03/2023,19,24,38,45,46,4
01/04/2023,2,38,43,46,51,7
03/04/2023,6,27,30,40,52,1
05/04/2023,23,28,38,39,41,2
08/04/2023,1,14,35,37,39,5
10/04/2023,3,10,12,15,37,2
12/04/2023,18,36,45,48,51,5
15/04/2023,10,17,24,30,37,3
17/04/2023,10,13,21,23,30,4
19/04/2023,19,40,41,48,49,5
22/04/2023,5,9,12,24,26,4
24/04/2023,6,8,15,16,31,5
26/04/2023,2,11,12,27,46,9
29/04/2023,2,5,8,36,51,2
01/05/2023,2,17,20,31,45,3
03/05/2023,8,9,31,43,44,1
06/05/2023,13,20,42,43,46,1
08/05/2023,7,18,24,29,44,6
10/05/2023,9,13,14,17,26,2
13/05/2023,7,34,35,39,43,10
15/05/2023,9,16,33,38,41,8
17/05/2023,7,19,32,36,48,4
20/05/2023,4,11,15,18,19,1
22/05/2023,5,8,23,32,43,10
24/05/2023,1,23,24,35,43,4
27/05/2023,2,23,28,40,50,8
29/05/2023,19,34,42,50,52,2
31/05/2023,4,15,27,28,49,5
03/06/2023,9,14,21,22,48,2
05/06/2023,6,15,33,42,43,7
07/06/2023,9,12,21,22,26,9
10/06/2023,4,6,38,46,52,7
12/06/2023,1,29,32,41,46,7
14/06/2023,2,15,26,29,30,4
17/06/2023,4,23,26,35,36,8
19/06/2023,1,14,20,30,33,7
21/06/2023,2,13,20,35,48,7
24/06/2023,11,27,30,37,49,1
26/06/2023,3,31,33,34,38,3
28/06/2023,9,28,33,43,47,1
01/07/2023,13,16,23,43,52,2
03/07/2023,12,27,37,42,43,6
05/07/2023,9,21,38,39,48,8
08/07/2023,29,33,38,43,49,8
10/07/2023,3,26,30,47,51,1
12/07/2023,3,5,18,22,36,3
15/07/2023,5,6,20,42,48,6
17/07/2023,25,28,29,40,51,10
19/07/2023,9,12,16,33,40,4
22/07/2023,1,20,23,36,41,1
24/07/2023,6,13,20,29,51,7
26/07/2023,4,8,25,36,42,8
29/07/2023,8,14,29,50,52,10
31/07/2023,5,11,12,34,40,9
02/08/2023,1,18,33,41,51,10
05/08/2023,1,36,38,41,43,5
07/08/2023,4,8,29,33,52,5
09/08/2023,1,10,12,33,39,5
12/08/2023,3,16,26,29,30,5
14/08/2023,1,26,31,33,50,8
16/08/2023,14,18,31,37,43,2
19/08/2023,4,22,29,32,39,4
21/08/2023,7,10,26,40,50,3
23/08/2023,9,11,29,38,39,4
26/08/2023,8,21,38,43,51,1
28/08/2023,16,33,34,39,46,4
30/08/2023,8,15,30,44,46,8
02/09/2023,3,17,36,37,44,8
04/09/2023,10,17,33,51,52,10
06/09/2023,8,28,39,49,51,2
09/09/2023,5,15,21,22,33,5
11/09/2023,13,34,35,36,49,1
13/09/2023,11,12,25,36,40,4
16/09/2023,23,30,34,40,41,3
18/09/2023,4,24,25,32,51,7
20/09/2023,2,16,27,32,46,3
23/09/2023,15,32,34,39,50,10
25/09/2023,19,23,31,38,52,8
27/09/2023,21,22,25,46,50,1
30/09/2023,4,5,26,27,35,6
02/10/2023,4,5,21,36,51,3
04/10/2023,4,5,8,26,42,8
07/10/2023,5,22,31,35,47,10
09/10/2023,10,13,30,38,40,8
11/10/2023,3,6,9,17,51,2
14/10/2023,6,32,33,36,47,4
16/10/2023,11,30,37,39,47,7
18/10/2023,1,5,14,16,48,9
21/10/2023,11,23,30,36,51,6
23/10/2023,21,27,28,32,51,2
25/10/2023,3,8,27,41,46,3
28/10/2023,12,25,36,39,46,9
30/10/2023,11,28,43,49,50,4
01/11/2023,6,19,21,26,29,1
04/11/2023,8,11,23,47,48,4
06/11/2023,13,15,26,44,46,5
08/11/2023,1,3,23,45,52,2
11/11/2023,5,25,27,38,50,7
13/11/2023,17,18,20,44,51,4
15/11/2023,15,16,26,34,51,1
18/11/2023,9,18,22,26,34,6
20/11/2023,10,14,24,41,51,2
22/11/2023,17,19,37,42,45,7
25/11/2023,3,11,18,38,41,1
27/11/2023,1,8,23,25,50,4
29/11/2023,9,22,24,37,47,10
02/12/2023,3,8,11,38,48,8
04/12/2023,4,16,18,36,47,4
06/12/2023,22,24,27,34,43,8
09/12/2023,3,7,17,36,48,7
11/12/2023,18,39,42,47,52,5
13/12/2023,4,25,34,38,46,6
16/12/2023,13,14,23,25,31,9
18/12/2023,2,3,12,33,40,6
20/12/2023,4,14,15,17,28,7
23/12/2023,16,22,23,24,50,9
25/12/2023,4,10,25,48,52,3
27/12/2023,3,10,36,47,52,10
30/12/2023,9,10,11,30,44,7
01/01/2024,7,9,19,36,45,10
03/01/2024,10,17,31,47,51,4
06/01/2024,14,34,42,46,51,6
08/01/2024,12,21,37,39,45,6
10/01/2024,7,19,27,38,51,5
13/01/2024,6,9,30,38,46,1
15/01/2024,28,29,38,41,52,8
17/01/2024,9,14,16,23,40,5
20/01/2024,7,11,23,24,44,3
22/01/2024,18,22,31,39,50,2
24/01/2024,10,13,15,29,47,7
27/01/2024,13,22,46,47,51,4
29/01/2024,5,9,15,50,51,1
31/01/2024,3,30,38,39,48,8
03/02/2024,10,34,40,47,48,1
05/02/2024,1,15,17,24,29,2
07/02/2024,2,5,17,20,25,9
10/02/2024,1,3,18,21,42,8
12/02/2024,13,14,22,31,52,2
14/02/2024,2,3,15,16,45,10
17/02/2024,6,8,10,14,33,5
19/02/2024,4,14,31,37,41,8
21/02/2024,2,6,26,40,43,1
24/02/2024,10,19,30,33,52,10
26/02/2024,21,30,36,38,49,1
28/02/2024,16,18,25,37,46,7
02/03/2024,9,19,35,38,45,3
04/03/2024,4,5,8,22,47,6
06/03/2024,20,21,24,40,42,4
09/03/2024,3,27,33,37,52,9
11/03/2024,12,15,16,32,46,1
13/03/2024,23,33,34,41,50,7
16/03/2024,11,30,43,47,51,4
18/03/2024,19,23,24,31,44,2
20/03/2024,3,16,29,44,50,7
23/03/2024,5,7,12,41,52,4
25/03/2024,19,32,35,40,43,4
27/03/2024,9,22,30,31,34,5
30/03/2024,9,17,34,48,52,5
01/04/2024,6,16,32,41,44,3
03/04/2024,11,16,20,27,47,4
06/04/2024,2,23,32,35,42,7
08/04/2024,24,28,29,32,38,8
10/04/2024,2,15,21,33,47,7
13/04/2024,7,9,10,29,38,2
15/04/2024,2,12,18,23,52,4
17/04/2024,10,20,24,29,38,1
20/04/2024,6,11,14,15,31,5
22/04/2024,19,28,33,38,52,7
24/04/2024,7,12,17,22,52,3
27/04/2024,9,13,16,39,48,3
29/04/2024,3,14,31,32,50,1
01/05/2024,14,19,24,26,40,7
04/05/2024,5,11,25,37,42,5
06/05/2024,3,6,11,17,30,10
08/05/2024,5,11,18,38,47,5
11/05/2024,15,16,27,50,51,3
13/05/2024,1,15,16,26,47,4
15/05/2024,17,25,27,47,51,10
18/05/2024,7,8,9,12,33,9
20/05/2024,13,15,24,26,27,3
22/05/2024,2,5,15,41,43,5
25/05/2024,12,17,27,29,40,10
27/05/2024,9,25,32,40,51,5
29/05/2024,8,9,11,29,36,3
01/06/2024,13,15,19,29,39,5
03/06/2024,5,6,22,33,38,4
05/06/2024,3,15,17,43,49,7
08/06/2024,5,7,23,37,45,3
10/06/2024,5,11,14,25,26,9
12/06/2024,3,11,16,30,44,8
15/06/2024,26,31,32,36,49,1
17/06/2024,3,12,28,29,35,3
19/06/2024,19,21,24,44,51,8
22/06/2024,1,26,37,39,44,1
24/06/2024,6,18,22,25,35,1
26/06/2024,11,12,27,38,48,6
29/06/2024,10,15,21,22,42,3
01/07/2024,7,18,36,37,43,9
03/07/2024,6,7,37,46,49,10
06/07/2024,11,15,25,38,42,5
08/07/2024,5,21,22,40,46,5
10/07/2024,6,21,25,42,51,4
13/07/2024,8,20,27,34,49,9
15/07/2024,1,7,10,40,41,9
17/07/2024,6,9,15,44,49,3
20/07/2024,6,7,13,16,36,1
22/07/2024,2,12,15,43,52,1
24/07/2024,8,11,31,36,40,6
27/07/2024,9,15,17,42,45,2
29/07/2024,1,26,44,51,52,4
31/07/2024,15,27,28,49,51,1
03/08/2024,5,10,21,42,43,10
05/08/2024,13,21,29,33,38,2
07/08/2024,15,24,42,44,51,4
10/08/2024,6,19,40,41,42,5
12/08/2024,9,24,27,28,52,3
14/08/2024,8,11,15,32,42,6
17/08/2024,4,26,38,42,50,9
19/08/2024,16,21,41,48,49,4
21/08/2024,6,25,41,45,46,1
24/08/2024,3,19,21,28,32,4
26/08/2024,23,38,42,43,44,10
28/08/2024,7,28,41,46,52,4
31/08/2024,17,18,32,42,51,6
02/09/2024,3,6,7,27,39,3
04/09/2024,7,9,28,30,31,3
07/09/2024,1,4,9,33,37,10
09/09/2024,1,10,20,24,40,1
11/09/2024,2,9,10,12,24,7
14/09/2024,6,9,38,42,50,4
16/09/2024,4,16,41,44,52,5
18/09/2024,7,17,29,42,45,5
21/09/2024,1,4,8,37,45,7
23/09/2024,13,15,22,23,35,9
25/09/2024,5,10,13,31,52,8
28/09/2024,12,13,47,48,51,10
30/09/2024,24,28,29,30,51,10
02/10/2024,8,10,17,20,28,4
05/10/2024,8,15,17,32,36,2
07/10/2024,8,26,28,39,45,10
09/10/2024,18,28,32,40,51,4
12/10/2024,11,15,36,37,49,7
14/10/2024,6,25,31,43,51,4
16/10/2024,2,16,21,33,52,4
19/10/2024,3,10,28,34,47,4
21/10/2024,1,4,20,24,26,4
23/10/2024,18,38,42,44,47,3
26/10/2024,2,3,25,42,47,5
28/10/2024,1,10,22,28,41,3
30/10/2024,27,30,37,41,50,7
02/11/2024,7,9,23,32,42,10
04/11/2024,3,9,12,16,52,3
06/11/2024,3,19,42,47,48,7
09/11/2024,14,31,34,41,48,1
11/11/2024,15,38,39,50,52,10
13/11/2024,11,23,29,41,42,10
16/11/2024,4,5,7,24,29,4
18/11/2024,20,36,37,42,43,6
20/11/2024,11,17,25,38,47,9
23/11/2024,2,8,10,14,49,9
25/11/2024,12,14,16,25,33,1
27/11/2024,2,20,23,24,29,9
30/11/2024,4,5,10,15,44,5
02/12/2024,1,20,37,39,47,4
04/12/2024,10,13,32,42,44,9
07/12/2024,7,14,31,44,46,8
09/12/2024,15,24,29,38,51,3
11/12/2024,4,14,30,45,50,4
14/12/2024,2,8,47,51,52,3
16/12/2024,5,17,18,34,50,8
18/12/2024,5,10,35,39,47,5
21/12/2024,9,19,30,39,44,4
23/12/2024,4,21,28,42,52,1
25/12/2024,4,5,40,42,52,10
28/12/2024,12,17,22,30,42,2
30/12/2024,12,16,38,45,50,8
01/01/2025,1,2,8,14,30,6
04/01/2025,1,3,17,21,34,4
06/01/2025,15,34,45,50,51,8
08/01/2025,4,15,33,39,41,7
11/01/2025,7,10,16,47,52,1
13/01/2025,5,11,37,49,50,4
15/01/2025,2,11,28,40,47,3
18/01/2025,16,28,41,47,52,3
20/01/2025,2,4,22,23,32,5
22/01/2025,8,16,27,32,43,4
25/01/2025,8,31,35,44,46,10
27/01/2025,3,7,21,33,45,2
29/01/2025,9,20,23,42,45,2
01/02/2025,14,15,21,35,52,6
03/02/2025,10,33,35,49,51,3
05/02/2025,4,13,17,44,45,5
08/02/2025,2,5,6,30,50,6
10/02/2025,7,10,13,31,50,5
12/02/2025,6,16,23,27,30,1
15/02/2025,17,29,39,41,52,3
17/02/2025,20,22,24,37,48,5
19/02/2025,3,22,23,35,41,2
22/02/2025,3,24,26,34,35,6
24/02/2025,1,21,30,35,41,3
26/02/2025,8,11,21,27,39,5
01/03/2025,8,9,13,33,41,6
03/03/2025,12,25,29,40,49,3
05/03/2025,10,15,23,35,41,4
08/03/2025,1,30,31,36,43,9
10/03/2025,13,15,34,36,39,10
12/03/2025,4,17,21,28,48,4
15/03/2025,16,39,41,44,51,7
17/03/2025,11,12,20,29,33,8
19/03/2025,4,8,26,34,36,6
22/03/2025,6,21,43,47,52,3
24/03/2025,14,34,35,40,44,4
26/03/2025,16,19,30,37,47,6
29/03/2025,2,21,33,46,52,8
31/03/2025,11,24,33,38,47,1
02/04/2025,12,28,39,41,44,1
05/04/2025,17,26,37,40,51,9
07/04/2025,4,8,13,27,37,7
09/04/2025,12,19,30,42,46,7
12/04/2025,16,24,42,50,52,8
14/04/2025,7,10,13,21,42,10
16/04/2025,2,5,45,47,48,8
19/04/2025,4,11,23,29,36,9
21/04/2025,2,4,13,21,44,8
23/04/2025,18,24,34,40,42,8
26/04/2025,1,9,14,31,34,2
28/04/2025,18,19,32,44,50,10
30/04/2025,5,22,23,24,36,7
03/05/2025,21,23,39,45,50,1
05/05/2025,5,13,20,22,28,5
07/05/2025,3,6,9,13,17,8
10/05/2025,10,12,27,45,51,1
12/05/2025,2,8,9,20,42,3
14/05/2025,8,17,38,42,50,5
17/05/2025,16,18,24,25,34,2
19/05/2025,4,24,25,45,47,2
21/05/2025,1,14,15,19,31,9
24/05/2025,8,19,24,28,49,1
26/05/2025,2,13,25,37,42,1
28/05/2025,4,6,8,33,35,5
31/05/2025,5,11,23,40,47,10
02/06/2025,5,7,20,28,35,3
04/06/2025,1,6,26,41,51,8
07/06/2025,1,17,19,36,43,3
09/06/2025,6,14,35,44,49,5
11/06/2025,4,12,13,20,26,4
14/06/2025,19,22,26,31,51,9
16/06/2025,4,19,35,43,51,1
18/06/2025,11,18,25,29,32,9
21/06/2025,4,6,14,37,43,2
23/06/2025,16,18,26,40,46,7
25/06/2025,12,14,25,30,42,4
28/06/2025,6,25,26,37,45,1
30/06/2025,5,8,18,32,46,4
02/07/2025,8,19,20,21,39,7
05/07/2025,8,10,36,43,45,9
07/07/2025,8,18,27,31,41,9
09/07/2025,2,10,27,30,50,5
12/07/2025,2,10,12,21,45,3
14/07/2025,9,30,35,43,49,8
16/07/2025,5,35,37,46,50,9
19/07/2025,4,25,32,42,51,10
21/07/2025,5,7,13,47,52,6
23/07/2025,4,32,36,39,52,1
26/07/2025,8,16,20,35,48,8
28/07/2025,8,12,23,25,31,10
30/07/2025,9,13,26,43,51,4
02/08/2025,7,16,22,31,39,6
04/08/2025,1,8,18,22,42,8
06/08/2025,26,29,30,33,40,1
09/08/2025,1,9,24,37,40,1
11/08/2025,1,9,23,25,42,3
13/08/2025,17,23,27,45,52,3
16/08/2025,9,15,34,45,47,4
18/08/2025,2,7,26,30,49,2
20/08/2025,3,12,27,35,39,6
23/08/2025,1,6,11,28,31,10
25/08/2025,1,4,5,10,28,8
27/08/2025,12,13,25,40,52,9
30/08/2025,10,16,19,21,45,2
01/09/2025,4,10,11,23,32,3
03/09/2025,15,31,34,51,52,5
06/09/2025,3,9,35,39,48,1
08/09/2025,3,9,37,44,47,4
10/09/2025,14,24,38,49,50,5
13/09/2025,20,24,25,28,46,1
15/09/2025,14,16,17,33,43,3
17/09/2025,8,33,36,45,51,2
20/09/2025,2,13,17,36,42,8
22/09/2025,2,5,34,41,44,10
24/09/2025,6,24,27,35,46,2
27/09/2025,2,12,20,34,43,7
29/09/2025,5,38,49,51,52,8
01/10/2025,12,28,42,44,48,3
04/10/2025,9,27,28,45,51,6
06/10/2025,3,11,21,25,32,6
08/10/2025,4,10,15,17,19,10
11/10/2025,1,17,31,35,39,3
13/10/2025,5,8,10,39,47,9
15/10/2025,8,24,33,46,47,4
18/10/2025,12,26,27,32,35,2
20/10/2025,20,32,35,43,51,4
22/10/2025,4,15,28,33,35,6
25/10/2025,2,31,33,35,50,7
27/10/2025,12,21,27,35,39,2
29/10/2025,21,33,40,42,50,5
01/11/2025,8,11,23,31,47,6
03/11/2025,7,11,19,25,50,10
05/11/2025,1,26,35,50,51,5
08/11/2025,15,21,23,37,52,5
10/11/2025,6,14,17,26,28,3
12/11/2025,9,30,31,34,39,2
15/11/2025,14,21,40,43,48,8
17/11/2025,2,20,28,36,46,2
19/11/2025,12,31,39,40,42,8
22/11/2025,4,12,19,20,50,4
24/11/2025,1,5,8,19,50,6
26/11/2025,7,19,25,26,28,7
29/11/2025,1,15,18,21,46,6
01/12/2025,5,27,37,43,47,5
03/12/2025,14,19,27,30,41,10
06/12/2025,7,8,14,23,41,9
08/12/2025,7,10,32,33,35,3
10/12/2025,3,13,37,42,44,1
13/12/2025,20,26,27,32,46,8
15/12/2025,8,11,29,36,50,7
17/12/2025,14,30,38,40,47,6
20/12/2025,9,12,34,45,50,1
22/12/2025,1,9,18,19,44,2
24/12/2025,1,18,27,41,49,9
27/12/2025,8,10,20,47,50,4
29/12/2025,1,5,24,35,51,4
03/01/2026,3,4,5,25,42,3
05/01/2026,12,19,21,30,47,5
07/01/2026,3,18,25,45,50,4
10/01/2026,6,15,20,22,25,10
12/01/2026,9,20,25,30,51,10
14/01/2026,1,10,23,33,35,6
17/01/2026,7,28,29,35,39,8
19/01/2026,2,10,15,18,31,9
21/01/2026,11,30,39,48,51,4
24/01/2026,4,11,16,33,42,6
26/01/2026,2,12,15,27,48,9
28/01/2026,25,31,33,36,41,2
31/01/2026,7,21,47,48,49,3
02/02/2026,10,30,40,47,50,1
04/02/2026,2,14,30,43,45,10
07/02/2026,7,22,26,38,41,1
09/02/2026,2,7,26,28,34,1
11/02/2026,2,14,28,41,51,2
14/02/2026,2,4,7,49,51,9
16/02/2026,1,7,18,36,40,3
18/02/2026,6,14,19,25,44,6
21/02/2026,5,14,21,24,34,7
23/02/2026,2,13,43,46,49,8
25/02/2026,31,32,41,48,51,6
28/02/2026,3,5,18,43,51,4
02/03/2026,3,8,17,24,34,6
04/03/2026,33,38,39,47,51,7
07/03/2026,6,8,17,18,45,5
09/03/2026,3,4,11,20,24,10
11/03/2026,1,3,22,28,40,7
14/03/2026,8,9,25,36,44,10
16/03/2026,14,20,22,29,44,7
18/03/2026,16,18,29,31,39,7
21/03/2026,3,11,13,27,52,9
23/03/2026,3,6,10,32,34,9
25/03/2026,2,4,9,30,43,4
28/03/2026,15,29,30,32,35,9
30/03/2026,1,21,44,47,48,4
01/04/2026,26,34,39,42,51,5
04/04/2026,6,31,35,36,40,10
06/04/2026,22,33,38,44,50,7
08/04/2026,14,27,40,46,47,2
11/04/2026,1,21,26,29,32,6
13/04/2026,1,18,19,35,50,9
15/04/2026,17,18,31,46,51,2
18/04/2026,18,21,22,32,42,10
20/04/2026,5,7,31,41,43,7
22/04/2026,15,20,32,46,48,4
25/04/2026,3,15,23,32,36,4
27/04/2026,20,25,26,31,36,1
29/04/2026,6,19,24,30,48,4
02/05/2026,4,18,35,43,50,8
04/05/2026,9,10,12,50,52,3
06/05/2026,3,6,7,18,49,10
09/05/2026,8,12,13,27,42,4
11/05/2026,16,19,22,34,46,1
13/05/2026,17,18,28,37,42,4
16/05/2026,1,4,24,31,46,2
18/05/2026,23,27,29,36,51,7
20/05/2026,5,14,26,39,46,6
23/05/2026,5,16,24,32,41,4
25/05/2026,16,23,27,36,41,1
27/05/2026,2,27,32,37,48,8
30/05/2026,5,8,9,11,15,4
01/06/2026,10,37,40,46,47,5
03/06/2026,2,5,19,22,24,6
06/06/2026,8,22,24,37,47,5
08/06/2026,4,23,25,30,47,4
10/06/2026,6,9,23,45,51,6
13/06/2026,6,13,31,35,48,7
15/06/2026,1,15,18,30,46,2
17/06/2026,11,16,18,33,51,9
20/06/2026,8,14,31,41,52,4
22/06/2026,12,13,35,41,52,5
24/06/2026,26,39,45,49,51,2
27/06/2026,3,8,18,22,39,6
29/06/2026,8,13,29,30,31,4
01/07/2026,10,20,35,38,46,8
04/07/2026,9,17,22,35,37,5
06/07/2026,12,16,19,21,23,10
08/07/2026,17,26,31,32,37,1
11/07/2026,15,17,29,44,46,4
13/07/2026,6,7,24,29,51,4
15/07/2026,26,29,41,46,47,9
18/07/2026,13,17,22,28,40,3
20/07/2026,23,31,34,37,52,7
22/07/2026,1,12,14,29,33,6
25/07/2026,2,6,37,49,52,3
27/07/2026,15,20,27,45,46,3
29/07/2026,11,12,20,26,33,8
01/08/2026,14,17,27,33,36,10
03/08/2026,3,11,27,41,48,7
05/08/2026,1,19,20,40,51,5
08/08/2026,3,30,31,34,50,3
10/08/2026,16,19,33,39,41,10
12/08/2026,1,9,27,32,36,2
15/08/2026,8,18,19,40,41,10
17/08/2026,5,8,10,24,27,4
19/08/2026,23,31,40,41,45,1
22/08/2026,20,23,36,42,50,4
24/08/2026,7,13,23,35,44,3
26/08/2026,5,8,36,37,45,5
29/08/2026,7,10,25,30,33,2
31/08/2026,8,22,27,30,34,4
02/09/2026,2,4,16,39,45,6
05/09/2026,20,21,27,32,44,3
07/09/2026,1,15,24,35,42,9
09/09/2026,3,4,44,47,49,4
12/09/2026,2,8,15,43,52,9
14/09/2026,1,10,26,47,52,8
16/09/2026,5,22,30,33,50,9
19/09/2026,14,21,24,27,44,7
21/09/2026,22,23,33,45,49,9
23/09/2026,13,24,32,41,48,5
26/09/2026,22,27,31,49,51,3
28/09/2026,7,12,39,45,47,9
30/09/2026,16,23,38,39,48,2,$6.05 Mil.
03/10/2026,12,13,21,40,49,2,,6050000
