Date,no.1,no.2,no.3,no.4,no.5,Millionaire Ball,Prize_Per_Year_USD,Cash_Option_USD
22/02/2026,1,30,48,54,58,4
23/02/2026,11,18,21,25,55,1
24/02/2026,12,15,33,46,53,5
25/02/2026,1,33,35,39,55,3
26/02/2026,3,14,22,50,57,4
27/02/2026,3,4,13,28,42,2
28/02/2026,13,20,28,44,48,4
01/03/2026,10,11,12,35,56,4
02/03/2026,28,41,42,50,55,2
03/03/2026,9,10,13,25,54,5
04/03/2026,12,13,36,39,58,3
05/03/2026,17,20,23,30,33,5
06/03/2026,4,10,29,48,50,3
07/03/2026,10,32,45,53,54,2
08/03/2026,1,31,32,45,52,5
09/03/2026,6,16,26,41,43,3
10/03/2026,3,27,43,45,49,4
11/03/2026,1,2,3,19,38,4
12/03/2026,10,24,37,49,54,5
13/03/2026,3,29,44,50,57,3
14/03/2026,18,27,31,32,56,1
15/03/2026,1,21,29,46,50,1
16/03/2026,2,16,30,41,49,4
17/03/2026,3,4,9,48,55,2
18/03/2026,4,16,21,33,35,1
19/03/2026,7,35,55,56,57,4
20/03/2026,15,19,31,37,55,4
21/03/2026,18,44,54,55,58,2
22/03/2026,7,8,17,18,55,2
23/03/2026,1,14,19,29,35,3
24/03/2026,15,19,43,54,56,4
25/03/2026,1,26,40,46,50,3
26/03/2026,1,8,18,39,47,1
27/03/2026,6,9,28,33,46,4
28/03/2026,12,14,17,22,55,4
29/03/2026,11,17,18,43,53,5
30/03/2026,24,25,32,34,44,4
31/03/2026,9,18,23,34,38,3
01/04/2026,1,4,27,31,44,1
02/04/2026,7,18,38,46,55,4
03/04/2026,8,16,37,45,53,3
04/04/2026,20,30,31,38,49,5
05/04/2026,1,19,21,22,54,2
06/04/2026,15,26,27,51,56,1
07/04/2026,2,9,29,41,57,3
08/04/2026,6,8,25,56,58,1
09/04/2026,17,34,45,47,56,4
10/04/2026,13,20,26,32,54,1
11/04/2026,15,19,24,38,55,5
12/04/2026,2,14,32,51,57,4
13/04/2026,2,13,15,35,41,2
14/04/2026,10,19,31,42,53,4
15/04/2026,32,36,41,54,58,3
16/04/2026,1,2,31,47,57,4
17/04/2026,2,17,40,50,57,5
18/04/2026,17,19,47,48,55,4
19/04/2026,32,42,52,53,55,5
20/04/2026,19,37,40,41,53,2
21/04/2026,1,4,40,47,58,4
22/04/2026,17,26,43,44,53,5
23/04/2026,1,25,37,47,53,4
24/04/2026,12,26,28,29,47,4
25/04/2026,3,22,26,44,47,2
26/04/2026,2,3,6,17,56,3
27/04/2026,4,15,19,21,31,4
28/04/2026,11,21,34,39,45,5
29/04/2026,5,10,17,21,42,2
30/04/2026,5,19,21,42,55,3
01/05/2026,17,24,26,28,55,4
02/05/2026,6,17,31,42,50,2
03/05/2026,5,8,15,32,51,3
04/05/2026,8,17,22,34,39,5
05/05/2026,14,20,23,30,55,2
06/05/2026,6,18,30,32,43,1
07/05/2026,5,8,21,44,48,1
08/05/2026,14,16,21,43,51,3
09/05/2026,8,11,17,29,49,2
10/05/2026,1,3,20,35,46,5
11/05/2026,42,45,46,48,56,3
12/05/2026,19,21,35,38,53,1
13/05/2026,21,24,29,42,49,1
14/05/2026,12,32,36,37,40,2
15/05/2026,7,8,27,29,30,2
16/05/2026,7,17,24,38,45,4
17/05/2026,11,23,41,45,55,1
18/05/2026,1,5,20,29,34,2
19/05/2026,5,6,42,44,47,3
20/05/2026,14,23,27,44,50,4
21/05/2026,3,15,16,24,28,4
22/05/2026,17,33,36,54,57,1
23/05/2026,15,20,30,45,49,3
24/05/2026,1,30,31,46,55,2
25/05/2026,7,23,29,38,51,3
26/05/2026,18,30,39,52,56,1
27/05/2026,3,4,30,40,46,2
28/05/2026,9,15,24,30,57,1
29/05/2026,9,25,33,35,42,2
30/05/2026,5,14,22,28,30,1
31/05/2026,3,11,26,45,56,5
01/06/2026,12,15,21,43,50,2
02/06/2026,16,33,41,50,52,1
03/06/2026,4,13,32,51,55,4
04/06/2026,6,13,19,28,34,5
05/06/2026,6,38,51,54,55,5
06/06/2026,3,13,18,35,48,4
07/06/2026,2,18,29,32,51,2
08/06/2026,20,25,40,50,55,1
09/06/2026,23,25,33,35,50,5
10/06/2026,9,20,25,31,39,4
11/06/2026,18,19,25,31,37,2
12/06/2026,6,13,22,35,36,1
13/06/2026,3,5,11,13,49,1
14/06/2026,3,6,16,18,48,1
15/06/2026,12,14,20,54,58,4
16/06/2026,1,13,21,40,57,1
17/06/2026,2,4,7,16,21,3
18/06/2026,15,17,32,53,58,5
19/06/2026,2,20,28,51,54,2
20/06/2026,1,10,16,30,31,4
21/06/2026,2,6,7,13,37,2
22/06/2026,7,8,20,24,42,5
23/06/2026,6,17,34,39,57,5
24/06/2026,3,4,10,36,37,5
25/06/2026,3,13,14,34,45,1
26/06/2026,7,15,33,37,51,2
27/06/2026,26,32,38,51,52,5
28/06/2026,4,11,31,54,58,3
29/06/2026,4,25,26,31,36,4
30/06/2026,1,4,9,45,54,2
01/07/2026,23,25,29,36,48,4
02/07/2026,13,21,25,37,47,1
03/07/2026,7,8,24,42,47,3
04/07/2026,17,20,37,40,43,4
05/07/2026,8,40,41,46,51,1
06/07/2026,2,8,32,54,56,3
07/07/2026,27,43,48,49,50,2
08/07/2026,16,18,43,48,50,1
09/07/2026,2,15,22,54,58,4
10/07/2026,14,42,46,47,57,5
11/07/2026,4,13,14,30,39,4
12/07/2026,12,21,39,46,48,2
13/07/2026,19,36,38,43,48,3
14/07/2026,12,13,15,16,41,2
15/07/2026,1,5,18,23,33,5
16/07/2026,9,21,29,52,57,5
17/07/2026,3,19,38,48,58,1
18/07/2026,18,23,28,32,49,3
19/07/2026,6,22,35,40,52,4
20/07/2026,3,20,23,24,44,1
21/07/2026,2,4,24,36,45,5
22/07/2026,25,38,44,45,47,5
23/07/2026,3,6,13,14,40,4
24/07/2026,22,23,27,38,54,1
25/07/2026,17,29,30,33,34,1
26/07/2026,3,4,33,36,41,5
27/07/2026,8,21,29,49,53,3
28/07/2026,13,29,42,53,54,4
29/07/2026,9,10,25,27,36,1
30/07/2026,6,35,38,46,58,3
31/07/2026,2,6,28,44,45,2
01/08/2026,15,18,31,32,47,1
02/08/2026,4,28,44,55,56,4
03/08/2026,6,7,17,44,46,2
04/08/2026,5,21,46,49,52,3
05/08/2026,25,27,32,38,54,3
06/08/2026,7,20,42,48,51,3
07/08/2026,16,33,35,47,49,5
08/08/2026,2,5,10,49,52,3
09/08/2026,8,22,31,57,58,3
10/08/2026,2,24,30,40,51,5
11/08/2026,9,10,11,14,35,1
12/08/2026,8,22,23,28,35,3
13/08/2026,7,16,25,35,42,2
14/08/2026,12,15,18,28,35,3
15/08/2026,12,13,26,35,43,4
16/08/2026,10,13,41,43,52,2
17/08/2026,3,6,33,42,48,4
18/08/2026,4,18,29,32,37,4
19/08/2026,10,12,26,44,57,4
20/08/2026,1,16,26,40,44,4
21/08/2026,1,20,25,56,57,2
22/08/2026,7,17,27,36,39,4
23/08/2026,15,28,32,55,57,1
24/08/2026,7,19,26,41,49,4
25/08/2026,24,45,50,53,57,3
26/08/2026,3,25,51,54,56,4
27/08/2026,3,7,29,35,49,5
28/08/2026,8,10,11,12,44,2
29/08/2026,2,7,26,45,52,4
30/08/2026,9,27,36,54,56,3
31/08/2026,2,9,30,37,45,4
01/09/2026,16,37,45,55,58,4
02/09/2026,7,23,43,46,53,3
03/09/2026,1,10,23,29,33,3
04/09/2026,13,34,41,51,52,4
05/09/2026,8,22,24,38,58,3
06/09/2026,17,30,39,40,55,4
07/09/2026,1,14,35,42,51,2
08/09/2026,14,19,36,41,42,2
09/09/2026,2,25,54,55,57,2
10/09/2026,7,16,43,50,58,1
11/09/2026,5,8,20,50,52,2
12/09/2026,2,13,42,45,58,2
13/09/2026,5,8,27,40,46,1
14/09/2026,1,12,37,40,44,4
15/09/2026,5,6,14,36,38,3
16/09/2026,4,25,30,40,46,4
17/09/2026,7,28,30,31,58,3
18/09/2026,11,25,37,41,42,3
19/09/2026,4,18,21,45,52,2
20/09/2026,14,28,30,37,42,3
21/09/2026,7,14,40,44,51,1
22/09/2026,4,21,23,32,51,4
23/09/2026,11,13,17,20,52,1
24/09/2026,1,4,17,25,40,3
25/09/2026,11,15,22,50,53,3
26/09/2026,19,27,34,35,50,4
27/09/2026,24,25,30,35,47,4
28/09/2026,2,14,23,27,28,2
29/09/2026,9,26,27,38,58,5
30/09/2026,13,18,22,23,51,2,
01/10/2026,12,16,32,33,56,2,$18,000,000
03/10/2026,8,33,39,43,57,2,1000000,18000000
04/10/2026,3,4,18,20,40,4,1000000,18000000
01/10/2026,12,16,32,33,56,2
02/10/2026,12,13,23,29,41,2
05/10/2026,2,9,21,41,57,5
06/10/2026,16,25,27,41,46,3
